epoch,step,train_loss,train_acc,val_loss,val_acc,bleu,lr
1,100,7.019233703613281,0.12323943661971831,,,,0.0002
1,200,6.732813358306885,0.1288416075650118,,,,0.0002
1,300,6.351019859313965,0.15746971736204576,,,,0.0002
1,400,6.300613880157471,0.18810511756569848,,,,0.0002
1,500,6.030202865600586,0.193006993006993,,,,0.0002
1,600,6.2054123878479,0.21771771771771772,,,,0.0002
1,700,6.035845756530762,0.19444444444444445,,,,0.0002
1,800,5.820879936218262,0.21686746987951808,,,,0.0002
1,900,6.017760276794434,0.22630331753554503,,,,0.0002
1,1000,5.83674430847168,0.23337856173677068,,,,0.0002
1,1100,5.707383632659912,0.24871134020618557,,,,0.0002
1,1200,5.916351795196533,0.21501272264631044,,,,0.0002
1,1300,5.771482467651367,0.22744599745870395,,,,0.0002
1,1400,5.611587047576904,0.24623803009575923,,,,0.0002
1,1500,5.500828742980957,0.25862068965517243,,,,0.0002
1,1600,5.435412406921387,0.25842696629213485,,,,0.0002
1,1700,5.299707412719727,0.28444444444444444,,,,0.0002
1,1800,5.790271759033203,0.2569558101472995,,,,0.0002
1,1900,5.327157020568848,0.3019145802650957,,,,0.0002
1,2000,5.213293075561523,0.27972027972027974,,,,0.0002
1,2100,5.384549140930176,0.28346456692913385,,,,0.0002
1,2200,5.200296878814697,0.30161054172767204,,,,0.0002
1,2300,5.227001667022705,0.30896551724137933,,,,0.0002
1,2400,5.2432990074157715,0.3015427769985975,,,,0.0002
1,2500,5.411428451538086,0.28475033738191635,,,,0.0002
1,2600,5.46142053604126,0.2749731471535983,,,,0.0002
1,2700,5.10546875,0.3140376266280753,,,,0.0002
1,2800,4.954034805297852,0.3159509202453988,,,,0.0002
1,2900,4.982479095458984,0.32275132275132273,,,,0.0002
1,3000,5.3240156173706055,0.25753424657534246,,,,0.0002
1,3100,5.274107456207275,0.26017130620985013,,,,0.0002
1,3200,5.233529090881348,0.2935560859188544,,,,0.0002
1,3300,5.088354110717773,0.30943396226415093,,,,0.0002
1,3400,5.153265953063965,0.31678486997635935,,,,0.0002
1,3500,5.000973701477051,0.32554945054945056,,,,0.0002
1,3600,5.11126708984375,0.31543624161073824,,,,0.0002
1,3700,5.032644271850586,0.3125,,,,0.0002
1,3800,5.213421821594238,0.3072139303482587,,,,0.0002
1,3900,4.670607566833496,0.38596491228070173,,,,0.0002
1,4000,5.215414524078369,0.31140939597315437,,,,0.0002
1,4100,4.8163323402404785,0.3328671328671329,,,,0.0002
1,4200,4.737174987792969,0.34794520547945207,,,,0.0002
1,4300,4.8744940757751465,0.3178294573643411,,,,0.0002
1,4400,4.894925594329834,0.33172496984318456,,,,0.0002
1,4500,4.920781135559082,0.3492268041237113,,,,0.0002
1,4600,4.772732734680176,0.3446153846153846,,,,0.0002
1,4700,4.77282190322876,0.3425,,,,0.0002
1,4800,4.852730751037598,0.3225,,,,0.0002
1,4900,4.987489700317383,0.3155680224403927,,,,0.0002
1,5000,4.796872138977051,0.33902759526938236,,,,0.0002
1,5100,4.7473955154418945,0.3546734955185659,,,,0.0002
1,5200,4.785456657409668,0.3504043126684636,,,,0.0002
1,5300,5.019168853759766,0.3522727272727273,,,,0.0002
1,5400,4.70132303237915,0.3419354838709677,,,,0.0002
1,5500,4.81380558013916,0.34582829504232165,,,,0.0002
1,5600,4.630620002746582,0.3669849931787176,,,,0.0002
1,5700,4.996649265289307,0.33247089262613194,,,,0.0002
1,5800,4.709244728088379,0.37668711656441717,,,,0.0002
1,5900,4.760035991668701,0.35294117647058826,,,,0.0002
1,6000,4.665711402893066,0.35805626598465473,,,,0.0002
1,6100,5.017284393310547,0.32387096774193547,,,,0.0002
1,6200,4.771780490875244,0.38077858880778587,,,,0.0002
1,6300,4.351533889770508,0.40028490028490027,,,,0.0002
1,6400,4.716527462005615,0.37610619469026546,,,,0.0002
1,6500,4.682101249694824,0.3424657534246575,,,,0.0002
1,6600,4.515832901000977,0.37252124645892354,,,,0.0002
1,6700,4.806267738342285,0.3624161073825503,,,,0.0002
1,6800,4.388697624206543,0.42257597684515197,,,,0.0002
1,6900,4.746885299682617,0.37681159420289856,,,,0.0002
1,7000,4.720745086669922,0.37626262626262624,,,,0.0002
1,7100,4.522065162658691,0.3831258644536653,,,,0.0002
1,7200,4.763277053833008,0.3616504854368932,,,,0.0002
1,7300,4.5577802658081055,0.3745072273324573,,,,0.0002
1,7400,4.686248779296875,0.34668335419274093,,,,0.0002
1,7500,4.648116588592529,0.3492462311557789,,,,0.0002
1,7600,4.28154182434082,0.39154929577464787,,,,0.0002
1,7700,4.459629535675049,0.38697318007662834,,,,0.0002
1,7800,4.590970993041992,0.39655172413793105,,,,0.0002
1,7900,4.522442817687988,0.41076487252124644,,,,0.0002
1,8000,4.488973140716553,0.38781575037147104,,,,0.0002
1,8095,,,4.4329144561942995,0.4087555999877596,,
2,8100,4.628790378570557,0.362962962962963,,,,0.0002
2,8200,4.306959629058838,0.4034440344403444,,,,0.0002
2,8300,4.552981853485107,0.36658653846153844,,,,0.0002
2,8400,4.721364974975586,0.3573923166472643,,,,0.0002
2,8500,4.67848014831543,0.36732329084588644,,,,0.0002
2,8600,4.386786460876465,0.37283621837549935,,,,0.0002
2,8700,4.649833679199219,0.3667953667953668,,,,0.0002
2,8800,4.413893699645996,0.3952180028129395,,,,0.0002
2,8900,4.109110355377197,0.4083694083694084,,,,0.0002
2,9000,4.318068504333496,0.4198047419804742,,,,0.0002
2,9100,4.467334747314453,0.38987043580683156,,,,0.0002
2,9200,4.692406177520752,0.3574144486692015,,,,0.0002
2,9300,4.3791069984436035,0.4002770083102493,,,,0.0002
2,9400,4.649594783782959,0.38171428571428573,,,,0.0002
2,9500,4.377254962921143,0.3988439306358382,,,,0.0002
2,9600,4.723984241485596,0.36964504283965727,,,,0.0002
2,9700,4.286309242248535,0.41081081081081083,,,,0.0002
2,9800,4.369152069091797,0.40974967061923584,,,,0.0002
2,9900,4.509296417236328,0.4056372549019608,,,,0.0002
2,10000,4.509575843811035,0.3768707482993197,,,,0.0002
2,10100,4.292945384979248,0.4304878048780488,,,,0.0002
2,10200,4.074038028717041,0.4652482269503546,,,,0.0002
2,10300,4.571196556091309,0.3856613102595797,,,,0.0002
2,10400,4.307244300842285,0.41595092024539876,,,,0.0002
2,10500,4.098821640014648,0.4167852062588905,,,,0.0002
2,10600,4.264403820037842,0.39724454649827784,,,,0.0002
2,10700,4.135749816894531,0.4332874828060523,,,,0.0002
2,10800,4.464361190795898,0.39898348157560354,,,,0.0002
2,10900,4.331790924072266,0.4302030456852792,,,,0.0002
2,11000,4.326140403747559,0.40591397849462363,,,,0.0002
2,11100,4.367579460144043,0.401673640167364,,,,0.0002
2,11200,4.251389026641846,0.4263803680981595,,,,0.0002
2,11300,4.065547943115234,0.4546583850931677,,,,0.0002
2,11400,4.456052780151367,0.37828162291169454,,,,0.0002
2,11500,4.405244827270508,0.40222772277227725,,,,0.0002
2,11600,4.157577991485596,0.4053691275167785,,,,0.0002
2,11700,4.03128719329834,0.4581005586592179,,,,0.0002
2,11800,4.412144660949707,0.3880597014925373,,,,0.0002
2,11900,4.058938026428223,0.46164978292329956,,,,0.0002
2,12000,4.234438419342041,0.4052631578947368,,,,0.0002
2,12100,4.184130668640137,0.4348993288590604,,,,0.0002
2,12200,4.100531578063965,0.4330042313117066,,,,0.0002
2,12300,4.202939033508301,0.4375821287779238,,,,0.0002
2,12400,4.048463344573975,0.45689655172413796,,,,0.0002
2,12500,4.2118401527404785,0.43882978723404253,,,,0.0002
2,12600,4.03464412689209,0.4175824175824176,,,,0.0002
2,12700,4.0435075759887695,0.4753846153846154,,,,0.0002
2,12800,4.456133842468262,0.38974358974358975,,,,0.0002
2,12900,4.354053020477295,0.4222766217870257,,,,0.0002
2,13000,4.207887172698975,0.43376623376623374,,,,0.0002
2,13100,4.797037124633789,0.3544857768052516,,,,0.0002
2,13200,4.408276557922363,0.3987878787878788,,,,0.0002
2,13300,4.169145107269287,0.43648648648648647,,,,0.0002
2,13400,4.209001541137695,0.41951837769328265,,,,0.0002
2,13500,4.249465465545654,0.41169590643274856,,,,0.0002
2,13600,4.119065284729004,0.43359375,,,,0.0002
2,13700,4.17822265625,0.4267425320056899,,,,0.0002
2,13800,4.276772975921631,0.3771353482260184,,,,0.0002
2,13900,4.166377067565918,0.4394904458598726,,,,0.0002
2,14000,4.221956253051758,0.4370771312584574,,,,0.0002
2,14100,4.078341484069824,0.45,,,,0.0002
2,14200,4.3604044914245605,0.42739079102715466,,,,0.0002
2,14300,3.875448226928711,0.4629080118694362,,,,0.0002
2,14400,3.9407856464385986,0.45544554455445546,,,,0.0002
2,14500,4.209843635559082,0.41291108404384896,,,,0.0002
2,14600,4.104951858520508,0.4153846153846154,,,,0.0002
2,14700,3.8316972255706787,0.46248294679399726,,,,0.0002
2,14800,4.1406426429748535,0.448559670781893,,,,0.0002
2,14900,4.114823341369629,0.44638069705093836,,,,0.0002
2,15000,4.071613311767578,0.4423076923076923,,,,0.0002
2,15100,4.156558036804199,0.4246913580246914,,,,0.0002
2,15200,4.2626800537109375,0.42285041224970554,,,,0.0002
2,15300,4.101504325866699,0.4353448275862069,,,,0.0002
2,15400,3.875296115875244,0.4919454770755886,,,,0.0002
2,15500,4.069546222686768,0.4520367936925099,,,,0.0002
2,15600,4.170670032501221,0.39953271028037385,,,,0.0002
2,15700,4.11790657043457,0.4329501915708812,,,,0.0002
2,15800,3.8010764122009277,0.47572815533980584,,,,0.0002
2,15900,3.8106303215026855,0.4933920704845815,,,,0.0002
2,16000,3.847055435180664,0.4738292011019284,,,,0.0002
2,16100,3.9490771293640137,0.4665825977301387,,,,0.0002
2,16190,,,3.938647698606684,0.479127533193529,,
3,16200,3.8732833862304688,0.4830287206266319,,,,0.0002
3,16300,4.147854804992676,0.4140197152245345,,,,0.0002
3,16400,4.124252796173096,0.42178447276940906,,,,0.0002
3,16500,4.0836076736450195,0.4747340425531915,,,,0.0002
3,16600,3.907604217529297,0.4773809523809524,,,,0.0002
3,16700,3.9530487060546875,0.48599439775910364,,,,0.0002
3,16800,3.8660125732421875,0.45965770171149145,,,,0.0002
3,16900,3.819826602935791,0.48172323759791125,,,,0.0002
3,17000,4.235868453979492,0.398876404494382,,,,0.0002
3,17100,4.108190536499023,0.46116504854368934,,,,0.0002
3,17200,4.0372395515441895,0.43843031123139375,,,,0.0002
3,17300,3.8912253379821777,0.4828571428571429,,,,0.0002
3,17400,3.96679425239563,0.4483260553129549,,,,0.0002
3,17500,3.9776761531829834,0.44129032258064516,,,,0.0002
3,17600,4.111591339111328,0.4199743918053777,,,,0.0002
3,17700,4.127779006958008,0.4396751740139211,,,,0.0002
3,17800,3.9758193492889404,0.41704545454545455,,,,0.0002
3,17900,3.8390069007873535,0.479136690647482,,,,0.0002
3,18000,3.7170519828796387,0.5177514792899408,,,,0.0002
3,18100,3.863053798675537,0.4791666666666667,,,,0.0002
3,18200,3.864501476287842,0.4931506849315068,,,,0.0002
3,18300,4.281601428985596,0.4241645244215938,,,,0.0002
3,18400,3.95503568649292,0.4624203821656051,,,,0.0002
3,18500,3.484152317047119,0.5224625623960066,,,,0.0002
3,18600,3.741912364959717,0.4783216783216783,,,,0.0002
3,18700,3.6320738792419434,0.5107604017216643,,,,0.0002
3,18800,3.847090482711792,0.46656534954407297,,,,0.0002
3,18900,4.121634483337402,0.44815256257449343,,,,0.0002
3,19000,3.8104758262634277,0.4664764621968616,,,,0.0002
3,19100,3.9137773513793945,0.4731182795698925,,,,0.0002
3,19200,3.9835662841796875,0.43757292882147025,,,,0.0002
3,19300,4.030523300170898,0.4418604651162791,,,,0.0002
3,19400,3.879049301147461,0.463130659767141,,,,0.0002
3,19500,3.7533998489379883,0.4966078697421981,,,,0.0002
3,19600,4.025277614593506,0.4602510460251046,,,,0.0002
3,19700,3.788572311401367,0.4794871794871795,,,,0.0002
3,19800,4.020272731781006,0.4573934837092732,,,,0.0002
3,19900,4.126380920410156,0.4280442804428044,,,,0.0002
3,20000,4.019416809082031,0.4622991347342398,,,,0.0002
3,20100,3.804309844970703,0.48253557567917205,,,,0.0002
3,20200,3.7193093299865723,0.49767441860465117,,,,0.0002
3,20300,3.694302558898926,0.5087956698240866,,,,0.0002
3,20400,4.043294906616211,0.4568764568764569,,,,0.0002
3,20500,3.9420886039733887,0.4443155452436195,,,,0.0002
3,20600,3.7351865768432617,0.47788697788697787,,,,0.0002
3,20700,3.5595810413360596,0.49767441860465117,,,,0.0002
3,20800,3.812347412109375,0.4826254826254826,,,,0.0002
3,20900,3.4732346534729004,0.5518867924528302,,,,0.0002
3,21000,3.754119873046875,0.4992867332382311,,,,0.0002
3,21100,4.174837112426758,0.46619718309859154,,,,0.0002
3,21200,3.925321340560913,0.46329113924050636,,,,0.0002
3,21300,3.847789764404297,0.4654255319148936,,,,0.0002
3,21400,4.078493595123291,0.4296577946768061,,,,0.0002
3,21500,4.099347114562988,0.43538998835855647,,,,0.0002
3,21600,3.8850741386413574,0.49262536873156343,,,,0.0002
3,21700,4.012844562530518,0.45016077170418006,,,,0.0002
3,21800,3.8026256561279297,0.5306957708049114,,,,0.0002
3,21900,3.559926986694336,0.5175808720112518,,,,0.0002
3,22000,4.048137664794922,0.43647798742138366,,,,0.0002
3,22100,3.7461860179901123,0.49622166246851385,,,,0.0002
3,22200,4.050178527832031,0.4379263301500682,,,,0.0002
3,22300,3.743342876434326,0.5202156334231806,,,,0.0002
3,22400,3.7345266342163086,0.5006605019815059,,,,0.0002
3,22500,3.7170205116271973,0.5050505050505051,,,,0.0002
3,22600,3.8452987670898438,0.4939209726443769,,,,0.0002
3,22700,3.8884148597717285,0.46879150066401065,,,,0.0002
3,22800,3.9312362670898438,0.4642857142857143,,,,0.0002
3,22900,3.779731273651123,0.4501891551071879,,,,0.0002
3,23000,3.5717239379882812,0.5189340813464236,,,,0.0002
3,23100,3.919372081756592,0.45588235294117646,,,,0.0002
3,23200,3.907336711883545,0.4331288343558282,,,,0.0002
3,23300,3.776587963104248,0.48429319371727747,,,,0.0002
3,23400,3.5180606842041016,0.5261744966442953,,,,0.0002
3,23500,4.072764873504639,0.46423927178153446,,,,0.0002
3,23600,3.687676429748535,0.5026246719160105,,,,0.0002
3,23700,3.7846603393554688,0.49024707412223667,,,,0.0002
3,23800,3.8060507774353027,0.4619289340101523,,,,0.0002
3,23900,3.6649742126464844,0.5207496653279786,,,,0.0002
3,24000,3.638148546218872,0.48046875,,,,0.0002
3,24100,3.6213245391845703,0.5146666666666667,,,,0.0002
3,24200,3.5199222564697266,0.5403225806451613,,,,0.0002
3,24285,,,3.688762179908708,0.5173038123368291,,
4,24300,3.668193817138672,0.5019354838709678,,,,0.0002
4,24400,3.8830690383911133,0.4776902887139108,,,,0.0002
4,24500,3.968674421310425,0.44739756367663347,,,,0.0002
4,24600,3.6275973320007324,0.5138721351025332,,,,0.0002
4,24700,3.701785087585449,0.48559077809798273,,,,0.0002
4,24800,3.62030029296875,0.5090252707581228,,,,0.0002
4,24900,3.637457847595215,0.4962686567164179,,,,0.0002
4,25000,3.67545223236084,0.5094117647058823,,,,0.0002
4,25100,3.786569356918335,0.4635838150289017,,,,0.0002
4,25200,3.594808340072632,0.5028011204481793,,,,0.0002
4,25300,3.8898568153381348,0.46580645161290324,,,,0.0002
4,25400,3.5832598209381104,0.5014492753623189,,,,0.0002
4,25500,3.625669479370117,0.5393258426966292,,,,0.0002
4,25600,3.9072890281677246,0.4957983193277311,,,,0.0002
4,25700,3.7188382148742676,0.5023094688221709,,,,0.0002
4,25800,3.765570878982544,0.48124191461837,,,,0.0002
4,25900,3.758984088897705,0.5059132720105125,,,,0.0002
4,26000,3.598822593688965,0.5174731182795699,,,,0.0002
4,26100,3.732229232788086,0.4949238578680203,,,,0.0002
4,26200,3.208345890045166,0.5647425897035881,,,,0.0002
4,26300,3.6794612407684326,0.47115384615384615,,,,0.0002
4,26400,3.945995569229126,0.45532435740514077,,,,0.0002
4,26500,3.4991226196289062,0.5161744022503516,,,,0.0002
4,26600,3.7983109951019287,0.4831325301204819,,,,0.0002
4,26700,3.702894449234009,0.4927536231884058,,,,0.0002
4,26800,3.640531063079834,0.5038461538461538,,,,0.0002
4,26900,3.719381332397461,0.49466666666666664,,,,0.0002
4,27000,3.7817940711975098,0.4909090909090909,,,,0.0002
4,27100,3.859996795654297,0.48404255319148937,,,,0.0002
4,27200,3.48392915725708,0.5345821325648416,,,,0.0002
4,27300,3.620030403137207,0.5142083897158322,,,,0.0002
4,27400,3.3557326793670654,0.5705967976710334,,,,0.0002
4,27500,3.7129368782043457,0.49242424242424243,,,,0.0002
4,27600,3.4838643074035645,0.5413105413105413,,,,0.0002
4,27700,3.536971092224121,0.5207496653279786,,,,0.0002
4,27800,3.799315929412842,0.4507042253521127,,,,0.0002
4,27900,3.5769548416137695,0.509090909090909,,,,0.0002
4,28000,3.796186685562134,0.4908616187989556,,,,0.0002
4,28100,3.7040553092956543,0.5038363171355499,,,,0.0002
4,28200,3.523432493209839,0.512022630834512,,,,0.0002
4,28300,3.454741954803467,0.5320855614973262,,,,0.0002
4,28400,3.736973285675049,0.4861111111111111,,,,0.0002
4,28500,3.8724451065063477,0.4811320754716981,,,,0.0002
4,28600,3.617853879928589,0.5123537061118335,,,,0.0002
4,28700,3.8981895446777344,0.47247119078104993,,,,0.0002
4,28800,3.659315586090088,0.5106382978723404,,,,0.0002
4,28900,3.78151273727417,0.48081841432225064,,,,0.0002
4,29000,3.58852481842041,0.5349397590361445,,,,0.0002
4,29100,3.6126201152801514,0.53315649867374,,,,0.0002
4,29200,3.5832457542419434,0.5176010430247718,,,,0.0002
4,29300,3.646440029144287,0.5300699300699301,,,,0.0002
4,29400,3.5822222232818604,0.5043103448275862,,,,0.0002
4,29500,3.4282824993133545,0.5507246376811594,,,,0.0002
4,29600,3.494997262954712,0.5117302052785924,,,,0.0002
4,29700,3.5694737434387207,0.49761336515513127,,,,0.0002
4,29800,3.4088549613952637,0.5141700404858299,,,,0.0002
4,29900,3.713228225708008,0.4838709677419355,,,,0.0002
4,30000,3.878964900970459,0.5006273525721455,,,,0.0002
4,30100,3.5805301666259766,0.516042780748663,,,,0.0002
4,30200,3.6693148612976074,0.50375,,,,0.0002
4,30300,3.4780516624450684,0.5222222222222223,,,,0.0002
4,30400,3.281736373901367,0.5667144906743186,,,,0.0002
4,30500,3.585080146789551,0.5172855313700384,,,,0.0002
4,30600,3.6391825675964355,0.526060606060606,,,,0.0002
4,30700,3.5729920864105225,0.5215869311551925,,,,0.0002
4,30800,3.8071951866149902,0.46946564885496184,,,,0.0002
4,30900,3.447726249694824,0.5559006211180124,,,,0.0002
4,31000,3.688086986541748,0.5138888888888888,,,,0.0002
4,31100,3.6635892391204834,0.5093085106382979,,,,0.0002
4,31200,3.867079734802246,0.4709066305818674,,,,0.0002
4,31300,3.517000436782837,0.5334346504559271,,,,0.0002
4,31400,3.7154617309570312,0.4988235294117647,,,,0.0002
4,31500,3.8888607025146484,0.473568281938326,,,,0.0002
4,31600,3.5159804821014404,0.5578800557880056,,,,0.0002
4,31700,3.5975089073181152,0.5334207077326344,,,,0.0002
4,31800,3.5415420532226562,0.5601719197707736,,,,0.0002
4,31900,3.557112455368042,0.5264452644526445,,,,0.0002
4,32000,3.6296446323394775,0.5351437699680511,,,,0.0002
4,32100,3.5977697372436523,0.5143229166666666,,,,0.0002
4,32200,3.7487130165100098,0.48405466970387245,,,,0.0002
4,32300,3.6845407485961914,0.4947089947089947,,,,0.0002
4,32380,,,3.530340501260147,0.5427345714297739,,
5,32400,3.268195152282715,0.5750962772785623,,,,0.0002
5,32500,3.463045597076416,0.5257352941176471,,,,0.0002
5,32600,3.3270697593688965,0.5566037735849056,,,,0.0002
5,32700,3.356584310531616,0.5372596153846154,,,,0.0002
5,32800,3.477077007293701,0.5169811320754717,,,,0.0002
5,32900,3.399158239364624,0.5348258706467661,,,,0.0002
5,33000,3.675180435180664,0.49622166246851385,,,,0.0002
5,33100,3.4234189987182617,0.5356622998544396,,,,0.0002
5,33200,3.381910800933838,0.5614886731391586,,,,0.0002
5,33300,3.3792531490325928,0.5240112994350282,,,,0.0002
5,33400,3.449035882949829,0.5297225891677675,,,,0.0002
5,33500,3.402268648147583,0.5309352517985612,,,,0.0002
5,33600,3.3761959075927734,0.5729166666666666,,,,0.0002
5,33700,3.695284366607666,0.4830287206266319,,,,0.0002
5,33800,3.438082695007324,0.5512265512265512,,,,0.0002
5,33900,3.518584966659546,0.5516759776536313,,,,0.0002
5,34000,3.599332332611084,0.5063559322033898,,,,0.0002
5,34100,3.667726993560791,0.5104166666666666,,,,0.0002
5,34200,3.5003104209899902,0.5261669024045261,,,,0.0002
5,34300,3.5112757682800293,0.5277777777777778,,,,0.0002
5,34400,3.2850875854492188,0.5606060606060606,,,,0.0002
5,34500,3.433302879333496,0.5284974093264249,,,,0.0002
5,34600,3.5910558700561523,0.5078597339782346,,,,0.0002
5,34700,3.9991931915283203,0.44823906083244397,,,,0.0002
5,34800,3.423330545425415,0.5391414141414141,,,,0.0002
5,34900,3.48367977142334,0.5100401606425703,,,,0.0002
5,35000,3.4316399097442627,0.538135593220339,,,,0.0002
5,35100,3.5651168823242188,0.47770700636942676,,,,0.0002
5,35200,3.4308743476867676,0.5680628272251309,,,,0.0002
5,35300,3.017698287963867,0.5979827089337176,,,,0.0002
5,35400,3.798722505569458,0.4680589680589681,,,,0.0002
5,35500,3.304105043411255,0.5683229813664596,,,,0.0002
5,35600,3.705810070037842,0.5161290322580645,,,,0.0002
5,35700,3.3798727989196777,0.5581395348837209,,,,0.0002
5,35800,3.595527172088623,0.5209656925031766,,,,0.0002
5,35900,3.631368398666382,0.5214368482039398,,,,0.0002
5,36000,3.2540645599365234,0.5663956639566395,,,,0.0002
5,36100,3.528777837753296,0.5278810408921933,,,,0.0002
5,36200,3.596900701522827,0.5151515151515151,,,,0.0002
5,36300,3.4289517402648926,0.5590327169274538,,,,0.0002
5,36400,3.3664069175720215,0.5528662420382165,,,,0.0002
5,36500,3.686617374420166,0.5210772833723654,,,,0.0002
5,36600,3.4584171772003174,0.5027472527472527,,,,0.0002
5,36700,3.2891592979431152,0.5411061285500748,,,,0.0002
5,36800,3.285984754562378,0.5382436260623229,,,,0.0002
5,36900,3.200347900390625,0.5925,,,,0.0002
5,37000,3.390047550201416,0.5237410071942447,,,,0.0002
5,37100,3.614161968231201,0.4963325183374083,,,,0.0002
5,37200,3.720305919647217,0.49014454664914586,,,,0.0002
5,37300,3.667595386505127,0.5045558086560364,,,,0.0002
5,37400,3.383427619934082,0.5578330893118595,,,,0.0002
5,37500,3.7862377166748047,0.4807692307692308,,,,0.0002
5,37600,3.7097411155700684,0.4886499402628435,,,,0.0002
5,37700,3.4876561164855957,0.5148514851485149,,,,0.0002
5,37800,3.5558924674987793,0.5143929912390488,,,,0.0002
5,37900,3.3907628059387207,0.5398860398860399,,,,0.0002
5,38000,3.758401393890381,0.5127226463104325,,,,0.0002
5,38100,3.2728030681610107,0.5629228687415426,,,,0.0002
5,38200,3.381401538848877,0.5601131541725601,,,,0.0002
5,38300,3.3848836421966553,0.5432756324900133,,,,0.0002
5,38400,3.5036754608154297,0.5256024096385542,,,,0.0002
5,38500,3.507007122039795,0.5280612244897959,,,,0.0002
5,38600,3.245490789413452,0.5513196480938416,,,,0.0002
5,38700,3.2714779376983643,0.5706051873198847,,,,0.0002
5,38800,3.6353633403778076,0.5170454545454546,,,,0.0002
5,38900,3.274867296218872,0.5485294117647059,,,,0.0002
5,39000,3.3638174533843994,0.5727762803234502,,,,0.0002
5,39100,3.272433280944824,0.5625806451612904,,,,0.0002
5,39200,3.554980754852295,0.5146666666666667,,,,0.0002
5,39300,3.471874713897705,0.5299600532623169,,,,0.0002
5,39400,3.562779426574707,0.5012406947890818,,,,0.0002
5,39500,3.54762601852417,0.5301507537688442,,,,0.0002
5,39600,3.631338357925415,0.4943661971830986,,,,0.0002
5,39700,3.5826168060302734,0.5275813295615276,,,,0.0002
5,39800,3.443653106689453,0.5303643724696356,,,,0.0002
5,39900,3.610194206237793,0.47865459249676584,,,,0.0002
5,40000,3.5342464447021484,0.5351925630810093,,,,0.0002
5,40100,3.3758554458618164,0.5552325581395349,,,,0.0002
5,40200,3.2164058685302734,0.5445544554455446,,,,0.0002
5,40300,3.4203343391418457,0.5858854860186418,,,,0.0002
5,40400,3.307945728302002,0.5614702154626109,,,,0.0002
5,40475,,,3.4220145666002533,0.5588967557478152,22.068251691969333,
6,40500,3.344240427017212,0.5662824207492796,,,,0.0002
6,40600,3.297840118408203,0.5464968152866242,,,,0.0002
6,40700,3.29727840423584,0.5521978021978022,,,,0.0002
6,40800,3.2031726837158203,0.5837245696400626,,,,0.0002
6,40900,3.190023899078369,0.564343163538874,,,,0.0002
6,41000,3.5027260780334473,0.5291073738680466,,,,0.0002
6,41100,3.5160574913024902,0.5120772946859904,,,,0.0002
6,41200,3.2549383640289307,0.5391923990498813,,,,0.0002
6,41300,3.0041451454162598,0.6084507042253521,,,,0.0002
6,41400,3.4855546951293945,0.508274231678487,,,,0.0002
6,41500,3.22452449798584,0.5822102425876011,,,,0.0002
6,41600,3.373248338699341,0.5475578406169666,,,,0.0002
6,41700,3.404669761657715,0.5304232804232805,,,,0.0002
6,41800,3.2761106491088867,0.5488888888888889,,,,0.0002
6,41900,3.322322368621826,0.5431034482758621,,,,0.0002
6,42000,3.5755324363708496,0.5138734739178691,,,,0.0002
6,42100,3.2340762615203857,0.572829131652661,,,,0.0002
6,42200,3.117025852203369,0.5904761904761905,,,,0.0002
6,42300,3.2323923110961914,0.5773638968481375,,,,0.0002
6,42400,3.510110378265381,0.5392609699769053,,,,0.0002
6,42500,3.462343692779541,0.5232403718459495,,,,0.0002
6,42600,3.5649914741516113,0.4972436604189636,,,,0.0002
6,42700,3.5244319438934326,0.5197956577266922,,,,0.0002
6,42800,3.233593463897705,0.5617088607594937,,,,0.0002
6,42900,3.5022995471954346,0.5340050377833753,,,,0.0002
6,43000,3.4366345405578613,0.5181159420289855,,,,0.0002
6,43100,3.4737136363983154,0.524390243902439,,,,0.0002
6,43200,3.454023599624634,0.5219512195121951,,,,0.0002
6,43300,3.515434741973877,0.512280701754386,,,,0.0002
6,43400,3.5168840885162354,0.5298196948682385,,,,0.0002
6,43500,3.1174044609069824,0.6013422818791946,,,,0.0002
6,43600,3.3513519763946533,0.5469135802469136,,,,0.0002
6,43700,3.1838011741638184,0.5803452855245684,,,,0.0002
6,43800,3.4218201637268066,0.5706666666666667,,,,0.0002
6,43900,3.5614399909973145,0.516497461928934,,,,0.0002
6,44000,3.1927661895751953,0.5866302864938608,,,,0.0002
6,44100,3.542069673538208,0.5308641975308642,,,,0.0002
6,44200,3.1996521949768066,0.5790849673202615,,,,0.0002
6,44300,3.3163275718688965,0.5625879043600562,,,,0.0002
6,44400,3.376352548599243,0.5625806451612904,,,,0.0002
6,44500,3.269477367401123,0.5799256505576208,,,,0.0002
6,44600,3.5241615772247314,0.523038605230386,,,,0.0002
6,44700,3.3008694648742676,0.5802139037433155,,,,0.0002
6,44800,3.246392250061035,0.5857805255023184,,,,0.0002
6,44900,3.5418701171875,0.5087281795511222,,,,0.0002
6,45000,3.1726274490356445,0.5813648293963255,,,,0.0002
6,45100,3.4778189659118652,0.5235668789808917,,,,0.0002
6,45200,3.2514729499816895,0.5794270833333334,,,,0.0002
6,45300,3.4893388748168945,0.5107344632768361,,,,0.0002
6,45400,3.5412840843200684,0.5197889182058048,,,,0.0002
6,45500,3.0458850860595703,0.5926412614980289,,,,0.0002
6,45600,3.574815273284912,0.5095890410958904,,,,0.0002
6,45700,3.3006515502929688,0.5490463215258855,,,,0.0002
6,45800,3.174980640411377,0.5890850722311396,,,,0.0002
6,45900,3.509852886199951,0.5400238948626045,,,,0.0002
6,46000,3.166317939758301,0.5694682675814752,,,,0.0002
6,46100,3.3860599994659424,0.5418439716312057,,,,0.0002
6,46200,3.4054694175720215,0.5431789737171464,,,,0.0002
6,46300,3.2929694652557373,0.5878378378378378,,,,0.0002
6,46400,3.367758274078369,0.5617685305591678,,,,0.0002
6,46500,3.5096805095672607,0.5048192771084338,,,,0.0002
6,46600,3.368744373321533,0.560875512995896,,,,0.0002
6,46700,3.653538703918457,0.5057077625570776,,,,0.0002
6,46800,3.344754695892334,0.540500736377025,,,,0.0002
6,46900,3.3398025035858154,0.5613496932515337,,,,0.0002
6,47000,3.4377341270446777,0.5177304964539007,,,,0.0002
6,47100,3.482189178466797,0.5261744966442953,,,,0.0002
6,47200,3.398988962173462,0.5338078291814946,,,,0.0002
6,47300,3.4571104049682617,0.5201793721973094,,,,0.0002
6,47400,3.3145813941955566,0.532258064516129,,,,0.0002
6,47500,3.2847931385040283,0.5683760683760684,,,,0.0002
6,47600,3.3274686336517334,0.5432624113475177,,,,0.0002
6,47700,3.3779544830322266,0.5473965287049399,,,,0.0002
6,47800,3.232053518295288,0.5685019206145967,,,,0.0002
6,47900,3.0711522102355957,0.6017441860465116,,,,0.0002
6,48000,3.4090332984924316,0.5706594885598923,,,,0.0002
6,48100,3.331818103790283,0.5416133162612036,,,,0.0002
6,48200,3.277301549911499,0.5723039215686274,,,,0.0002
6,48300,3.2900025844573975,0.5573549257759784,,,,0.0002
6,48400,3.411959171295166,0.5447470817120622,,,,0.0002
6,48500,3.18135142326355,0.5949367088607594,,,,0.0002
6,48570,,,3.3436888497977653,0.5710697559581502,,
7,48600,3.2017436027526855,0.5806451612903226,,,,0.0002
7,48700,3.297520637512207,0.5539845758354756,,,,0.0002
7,48800,3.1885783672332764,0.5390070921985816,,,,0.0002
7,48900,3.0504441261291504,0.5909712722298222,,,,0.0002
7,49000,3.381810188293457,0.5397039030955586,,,,0.0002
7,49100,3.301348924636841,0.5581113801452785,,,,0.0002
7,49200,3.3151426315307617,0.5568326947637292,,,,0.0002
7,49300,3.168551445007324,0.5735694822888283,,,,0.0002
7,49400,3.151637077331543,0.5778688524590164,,,,0.0002
7,49500,3.3103561401367188,0.5577956989247311,,,,0.0002
7,49600,3.2745351791381836,0.5540540540540541,,,,0.0002
7,49700,2.9967222213745117,0.6208053691275168,,,,0.0002
7,49800,3.1123831272125244,0.5892116182572614,,,,0.0002
7,49900,3.248054027557373,0.545335085413929,,,,0.0002
7,50000,3.2743592262268066,0.5660377358490566,,,,0.0002
7,50100,3.3060784339904785,0.5423728813559322,,,,0.0002
7,50200,3.337264060974121,0.5536480686695279,,,,0.0002
7,50300,3.254708766937256,0.5462610899873257,,,,0.0002
7,50400,3.2341208457946777,0.5817174515235457,,,,0.0002
7,50500,3.2330965995788574,0.5467224546722455,,,,0.0002
7,50600,3.3401076793670654,0.5519568151147098,,,,0.0002
7,50700,3.150359630584717,0.5754857997010463,,,,0.0002
7,50800,3.395672559738159,0.5514285714285714,,,,0.0002
7,50900,3.1713404655456543,0.5888456549935149,,,,0.0002
7,51000,3.3066210746765137,0.5283286118980169,,,,0.0002
7,51100,3.1415035724639893,0.5899705014749262,,,,0.0002
7,51200,3.3849589824676514,0.5559947299077734,,,,0.0002
7,51300,3.2412807941436768,0.5734767025089605,,,,0.0002
7,51400,3.236509323120117,0.5478787878787879,,,,0.0002
7,51500,3.305953025817871,0.5460704607046071,,,,0.0002
7,51600,3.162445545196533,0.5619295958279009,,,,0.0002
7,51700,3.3686532974243164,0.5426251691474966,,,,0.0002
7,51800,3.4347360134124756,0.5290611028315947,,,,0.0002
7,51900,3.2629456520080566,0.5656934306569343,,,,0.0002
7,52000,3.257577896118164,0.5596072931276297,,,,0.0002
7,52100,3.298569679260254,0.5549065420560748,,,,0.0002
7,52200,3.162710189819336,0.581772784019975,,,,0.0002
7,52300,3.2307138442993164,0.5754716981132075,,,,0.0002
7,52400,3.2722878456115723,0.5683453237410072,,,,0.0002
7,52500,3.1808509826660156,0.5929203539823009,,,,0.0002
7,52600,3.5680031776428223,0.5273743016759777,,,,0.0002
7,52700,3.3001019954681396,0.552,,,,0.0002
7,52800,3.2333102226257324,0.5834394904458599,,,,0.0002
7,52900,3.2871365547180176,0.5655836341756919,,,,0.0002
7,53000,3.1263017654418945,0.5967957276368492,,,,0.0002
7,53100,3.4191129207611084,0.5267958950969214,,,,0.0002
7,53200,3.1869044303894043,0.5761843790012804,,,,0.0002
7,53300,3.089046001434326,0.6020408163265306,,,,0.0002
7,53400,3.151319742202759,0.586764705882353,,,,0.0002
7,53500,3.320537567138672,0.5481386392811296,,,,0.0002
7,53600,3.048722743988037,0.6146272855133614,,,,0.0002
7,53700,3.319387912750244,0.5580808080808081,,,,0.0002
7,53800,3.2969255447387695,0.556135770234987,,,,0.0002
7,53900,3.3320817947387695,0.5658914728682171,,,,0.0002
7,54000,3.3005270957946777,0.5824742268041238,,,,0.0002
7,54100,3.0574283599853516,0.5997171145685997,,,,0.0002
7,54200,3.1419272422790527,0.5794520547945206,,,,0.0002
7,54300,3.4091382026672363,0.5592991913746631,,,,0.0002
7,54400,3.254672050476074,0.5648148148148148,,,,0.0002
7,54500,3.379770278930664,0.5397653194263363,,,,0.0002
7,54600,3.187952995300293,0.5676795580110497,,,,0.0002
7,54700,3.061152458190918,0.6057233704292527,,,,0.0002
7,54800,3.2640318870544434,0.5765171503957783,,,,0.0002
7,54900,3.304704189300537,0.5485122897800776,,,,0.0002
7,55000,3.240607261657715,0.5636363636363636,,,,0.0002
7,55100,3.354093551635742,0.5318892900120337,,,,0.0002
7,55200,3.365056037902832,0.5345911949685535,,,,0.0002
7,55300,3.341775417327881,0.558858501783591,,,,0.0002
7,55400,3.382966995239258,0.539227895392279,,,,0.0002
7,55500,3.185129165649414,0.5921855921855922,,,,0.0002
7,55600,3.3055810928344727,0.5608194622279129,,,,0.0002
7,55700,3.2987897396087646,0.5405405405405406,,,,0.0002
7,55800,3.2990410327911377,0.5571095571095571,,,,0.0002
7,55900,3.3920578956604004,0.543448275862069,,,,0.0002
7,56000,3.1154685020446777,0.5857338820301783,,,,0.0002
7,56100,3.271394729614258,0.5447368421052632,,,,0.0002
7,56200,3.233705759048462,0.5738916256157636,,,,0.0002
7,56300,3.28940486907959,0.5502645502645502,,,,0.0002
7,56400,3.2424116134643555,0.5680555555555555,,,,0.0002
7,56500,3.445932149887085,0.5397225725094578,,,,0.0002
7,56600,3.050671100616455,0.5986928104575163,,,,0.0002
7,56665,,,3.2845154135413166,0.5815871624216835,,
8,56700,3.092869281768799,0.5763313609467455,,,,0.0002
8,56800,3.488457202911377,0.48972188633615477,,,,0.0002
8,56900,3.14131760597229,0.5610098176718092,,,,0.0002
8,57000,3.118927001953125,0.6201438848920864,,,,0.0002
8,57100,3.1221115589141846,0.5775978407557355,,,,0.0002
8,57200,2.984093189239502,0.6203346203346203,,,,0.0002
8,57300,3.202597141265869,0.573791348600509,,,,0.0002
8,57400,3.185960292816162,0.5755494505494505,,,,0.0002
8,57500,2.883342742919922,0.6335149863760218,,,,0.0002
8,57600,3.051149368286133,0.6055625790139064,,,,0.0002
8,57700,3.032524585723877,0.6080892608089261,,,,0.0002
8,57800,3.263665199279785,0.5574468085106383,,,,0.0002
8,57900,2.932494640350342,0.6091644204851752,,,,0.0002
8,58000,3.2213475704193115,0.5741573033707865,,,,0.0002
8,58100,2.935666561126709,0.6507042253521127,,,,0.0002
8,58200,3.2191734313964844,0.5841726618705037,,,,0.0002
8,58300,3.272008180618286,0.574792243767313,,,,0.0002
8,58400,2.778346300125122,0.6429587482219061,,,,0.0002
8,58500,3.2129063606262207,0.5707133917396746,,,,0.0002
8,58600,3.0919222831726074,0.5773638968481375,,,,0.0002
8,58700,3.1989798545837402,0.5526315789473685,,,,0.0002
8,58800,3.208709716796875,0.5757180156657964,,,,0.0002
8,58900,3.2416934967041016,0.5716292134831461,,,,0.0002
8,59000,3.427652359008789,0.5427872860635696,,,,0.0002
8,59100,3.1624722480773926,0.5652741514360313,,,,0.0002
8,59200,3.29213809967041,0.5430839002267573,,,,0.0002
8,59300,3.3404719829559326,0.5588615782664942,,,,0.0002
8,59400,3.0833311080932617,0.5885167464114832,,,,0.0002
8,59500,3.04013729095459,0.6183294663573086,,,,0.0002
8,59600,3.1550698280334473,0.5934640522875817,,,,0.0002
8,59700,3.336714506149292,0.5462555066079295,,,,0.0002
8,59800,3.1484575271606445,0.57,,,,0.0002
8,59900,3.2509055137634277,0.5523255813953488,,,,0.0002
8,60000,3.226918935775757,0.5841121495327103,,,,0.0002
8,60100,3.079235076904297,0.58994708994709,,,,0.0002
8,60200,3.109229564666748,0.6036161335187761,,,,0.0002
8,60300,3.2170801162719727,0.5804935370152762,,,,0.0002
8,60400,3.222583293914795,0.5786516853932584,,,,0.0002
8,60500,3.1164627075195312,0.5773993808049536,,,,0.0002
8,60600,3.310397148132324,0.5445960125918153,,,,0.0002
8,60700,3.025937557220459,0.6014492753623188,,,,0.0002
8,60800,3.1272618770599365,0.57543391188251,,,,0.0002
8,60900,2.888510227203369,0.6314363143631436,,,,0.0002
8,61000,3.1896398067474365,0.5686274509803921,,,,0.0002
8,61100,3.4299309253692627,0.5450704225352113,,,,0.0002
8,61200,3.2377712726593018,0.5819567979669632,,,,0.0002
8,61300,3.2543716430664062,0.5783582089552238,,,,0.0002
8,61400,3.4055185317993164,0.5337209302325582,,,,0.0002
8,61500,3.059119701385498,0.6311111111111111,,,,0.0002
8,61600,3.1717519760131836,0.5640648011782032,,,,0.0002
8,61700,3.174104690551758,0.5910987482614742,,,,0.0002
8,61800,3.127667188644409,0.6095238095238096,,,,0.0002
8,61900,3.2442798614501953,0.5594059405940595,,,,0.0002
8,62000,3.3368024826049805,0.5493612078977933,,,,0.0002
8,62100,3.34378719329834,0.5528554070473876,,,,0.0002
8,62200,2.958223342895508,0.6212938005390836,,,,0.0002
8,62300,3.3522229194641113,0.5274725274725275,,,,0.0002
8,62400,3.315652370452881,0.5510718789407314,,,,0.0002
8,62500,3.204357147216797,0.5817174515235457,,,,0.0002
8,62600,3.1947708129882812,0.5684485006518905,,,,0.0002
8,62700,3.1134109497070312,0.5833333333333334,,,,0.0002
8,62800,3.140547513961792,0.5838751625487646,,,,0.0002
8,62900,3.253743886947632,0.5653798256537983,,,,0.0002
8,63000,3.403740406036377,0.556930693069307,,,,0.0002
8,63100,3.388019323348999,0.552258064516129,,,,0.0002
8,63200,3.1470093727111816,0.5758468335787923,,,,0.0002
8,63300,3.3228726387023926,0.5324232081911263,,,,0.0002
8,63400,3.125814437866211,0.5828505214368482,,,,0.0002
8,63500,3.4075279235839844,0.5437665782493368,,,,0.0002
8,63600,3.581073760986328,0.5027322404371585,,,,0.0002
8,63700,3.1416773796081543,0.5811855670103093,,,,0.0002
8,63800,3.4174063205718994,0.5303210463733651,,,,0.0002
8,63900,3.174863815307617,0.5839017735334243,,,,0.0002
8,64000,3.0480475425720215,0.5982905982905983,,,,0.0002
8,64100,3.2177343368530273,0.5617977528089888,,,,0.0002
8,64200,3.442553997039795,0.5386779184247539,,,,0.0002
8,64300,3.1885738372802734,0.5805626598465473,,,,0.0002
8,64400,3.1942198276519775,0.5981554677206851,,,,0.0002
8,64500,3.2732295989990234,0.5515151515151515,,,,0.0002
8,64600,3.1321327686309814,0.5840579710144927,,,,0.0002
8,64700,3.1350715160369873,0.5992414664981036,,,,0.0002
8,64760,,,3.2392920458969052,0.5886447522286011,,
9,64800,3.139686107635498,0.583843329253366,,,,0.0002
9,64900,3.0297117233276367,0.6108108108108108,,,,0.0002
9,65000,3.054337501525879,0.6063694267515923,,,,0.0002
9,65100,3.0426297187805176,0.6088474970896391,,,,0.0002
9,65200,3.121074676513672,0.6027777777777777,,,,0.0002
9,65300,3.2445335388183594,0.5661861074705111,,,,0.0002
9,65400,3.003037691116333,0.5957142857142858,,,,0.0002
9,65500,3.295276165008545,0.5534591194968553,,,,0.0002
9,65600,2.87904691696167,0.6289855072463768,,,,0.0002
9,65700,2.9927423000335693,0.6082887700534759,,,,0.0002
9,65800,3.2027316093444824,0.5530474040632054,,,,0.0002
9,65900,3.248584270477295,0.5741444866920152,,,,0.0002
9,66000,3.146909475326538,0.5798192771084337,,,,0.0002
9,66100,3.0930957794189453,0.5833333333333334,,,,0.0002
9,66200,3.115330219268799,0.5696969696969697,,,,0.0002
9,66300,3.1343634128570557,0.5922077922077922,,,,0.0002
9,66400,3.2734475135803223,0.5612903225806452,,,,0.0002
9,66500,3.314850330352783,0.553306342780027,,,,0.0002
9,66600,3.1615004539489746,0.588302752293578,,,,0.0002
9,66700,2.994300365447998,0.595460614152203,,,,0.0002
9,66800,3.079634189605713,0.5830013280212484,,,,0.0002
9,66900,3.239232063293457,0.5671641791044776,,,,0.0002
9,67000,3.214338779449463,0.5718270571827058,,,,0.0002
9,67100,3.1164052486419678,0.5772058823529411,,,,0.0002
9,67200,3.1474924087524414,0.5710872162485066,,,,0.0002
9,67300,3.272343873977661,0.5708609271523178,,,,0.0002
9,67400,2.958134889602661,0.6153846153846154,,,,0.0002
9,67500,3.130770683288574,0.5923566878980892,,,,0.0002
9,67600,2.9562392234802246,0.623546511627907,,,,0.0002
9,67700,3.215418815612793,0.5714285714285714,,,,0.0002
9,67800,3.258392572402954,0.5444743935309974,,,,0.0002
9,67900,3.2918596267700195,0.5460122699386503,,,,0.0002
9,68000,3.14727783203125,0.5459770114942529,,,,0.0002
9,68100,3.116520404815674,0.6041055718475073,,,,0.0002
9,68200,3.0235626697540283,0.6054333764553687,,,,0.0002
9,68300,3.2412524223327637,0.5923076923076923,,,,0.0002
9,68400,3.2911643981933594,0.5263157894736842,,,,0.0002
9,68500,3.0421104431152344,0.5991902834008097,,,,0.0002
9,68600,3.4093799591064453,0.5339265850945495,,,,0.0002
9,68700,2.862481117248535,0.6348733233979136,,,,0.0002
9,68800,3.086845874786377,0.5886627906976745,,,,0.0002
9,68900,3.136265277862549,0.5782493368700266,,,,0.0002
9,69000,3.181856155395508,0.5782493368700266,,,,0.0002
9,69100,3.238044261932373,0.5657894736842105,,,,0.0002
9,69200,3.295316696166992,0.5560439560439561,,,,0.0002
9,69300,3.157815456390381,0.5888077858880778,,,,0.0002
9,69400,2.9892959594726562,0.6101694915254238,,,,0.0002
9,69500,3.027801513671875,0.6071428571428571,,,,0.0002
9,69600,2.9536221027374268,0.6037195994277539,,,,0.0002
9,69700,3.4228222370147705,0.5294117647058824,,,,0.0002
9,69800,3.2982053756713867,0.5644555694618273,,,,0.0002
9,69900,3.0072922706604004,0.6338797814207651,,,,0.0002
9,70000,3.1117701530456543,0.5852348993288591,,,,0.0002
9,70100,3.114433765411377,0.5971128608923885,,,,0.0002
9,70200,3.0101919174194336,0.5828313253012049,,,,0.0002
9,70300,3.094148635864258,0.5960419091967404,,,,0.0002
9,70400,2.946157932281494,0.5964240102171137,,,,0.0002
9,70500,3.360778570175171,0.5296803652968036,,,,0.0002
9,70600,3.1468136310577393,0.5958904109589042,,,,0.0002
9,70700,3.5417873859405518,0.5355969331872946,,,,0.0002
9,70800,3.189223051071167,0.56158940397351,,,,0.0002
9,70900,3.0548653602600098,0.6285714285714286,,,,0.0002
9,71000,3.0901150703430176,0.5829081632653061,,,,0.0002
9,71100,3.0051493644714355,0.6128133704735376,,,,0.0002
9,71200,3.2672619819641113,0.5432569974554707,,,,0.0002
9,71300,3.2779541015625,0.5759803921568627,,,,0.0002
9,71400,3.2197272777557373,0.5642523364485982,,,,0.0002
9,71500,3.200918197631836,0.5679172056921087,,,,0.0002
9,71600,3.214622735977173,0.5523917995444191,,,,0.0002
9,71700,3.068840503692627,0.6060606060606061,,,,0.0002
9,71800,2.9429941177368164,0.6393897364771152,,,,0.0002
9,71900,3.116166591644287,0.5795148247978437,,,,0.0002
9,72000,3.1104371547698975,0.5871212121212122,,,,0.0002
9,72100,3.33756685256958,0.541019955654102,,,,0.0002
9,72200,3.17397141456604,0.5764563106796117,,,,0.0002
9,72300,3.118549108505249,0.5857142857142857,,,,0.0002
9,72400,3.150599956512451,0.5819793205317577,,,,0.0002
9,72500,2.9531917572021484,0.6119828815977175,,,,0.0002
9,72600,3.257338523864746,0.57875,,,,0.0002
9,72700,3.207993507385254,0.5539033457249071,,,,0.0002
9,72800,3.136737823486328,0.571773220747889,,,,0.0002
9,72855,,,3.19790493310955,0.595309284509385,,
10,72900,3.057429313659668,0.5830346475507766,,,,0.0002
10,73000,2.6682519912719727,0.68125,,,,0.0002
10,73100,3.1867594718933105,0.5749674054758801,,,,0.0002
10,73200,3.1603174209594727,0.5861182519280206,,,,0.0002
10,73300,3.082726001739502,0.5842245989304813,,,,0.0002
10,73400,3.1000757217407227,0.5976095617529881,,,,0.0002
10,73500,2.971609115600586,0.6261792452830188,,,,0.0002
10,73600,2.8333449363708496,0.6297335203366059,,,,0.0002
10,73700,3.0882973670959473,0.5814771395076201,,,,0.0002
10,73800,3.034923553466797,0.6052269601100413,,,,0.0002
10,73900,3.0317366123199463,0.6226880394574599,,,,0.0002
10,74000,3.1713719367980957,0.5604113110539846,,,,0.0002
10,74100,3.060459613800049,0.5769230769230769,,,,0.0002
10,74200,3.208240032196045,0.5739514348785872,,,,0.0002
10,74300,3.0006184577941895,0.6230440967283073,,,,0.0002
10,74400,3.05989408493042,0.5939226519337016,,,,0.0002
10,74500,3.0555686950683594,0.5741626794258373,,,,0.0002
10,74600,2.685009241104126,0.6710963455149501,,,,0.0002
10,74700,3.1667237281799316,0.5640287769784172,,,,0.0002
10,74800,2.9215497970581055,0.6192592592592593,,,,0.0002
10,74900,3.0466694831848145,0.6127819548872181,,,,0.0002
10,75000,3.168508529663086,0.5749690210656754,,,,0.0002
10,75100,3.0494072437286377,0.6093189964157706,,,,0.0002
10,75200,3.0568814277648926,0.5941605839416059,,,,0.0002
10,75300,3.1926610469818115,0.5706134094151213,,,,0.0002
10,75400,3.045675277709961,0.5911458333333334,,,,0.0002
10,75500,3.246288776397705,0.5870098039215687,,,,0.0002
10,75600,3.250309944152832,0.5764439411098528,,,,0.0002
10,75700,3.1272196769714355,0.5838926174496645,,,,0.0002
10,75800,3.0111989974975586,0.6239316239316239,,,,0.0002
10,75900,3.0312161445617676,0.6147239263803681,,,,0.0002
10,76000,2.8067028522491455,0.6422413793103449,,,,0.0002
10,76100,3.042351722717285,0.581267217630854,,,,0.0002
10,76200,3.096402168273926,0.5952970297029703,,,,0.0002
10,76300,3.1626009941101074,0.5898089171974522,,,,0.0002
10,76400,3.1561472415924072,0.5716272600834492,,,,0.0002
10,76500,2.9764068126678467,0.5994152046783626,,,,0.0002
10,76600,3.1012306213378906,0.5824175824175825,,,,0.0002
10,76700,3.2481186389923096,0.5601503759398496,,,,0.0002
10,76800,3.2245287895202637,0.5726817042606517,,,,0.0002
10,76900,2.9595065116882324,0.6135458167330677,,,,0.0002
10,77000,2.9270262718200684,0.6245306633291614,,,,0.0002
10,77100,2.897217273712158,0.6228571428571429,,,,0.0002
10,77200,2.88828706741333,0.6248331108144193,,,,0.0002
10,77300,3.055665969848633,0.5859154929577465,,,,0.0002
10,77400,2.9586567878723145,0.6159420289855072,,,,0.0002
10,77500,3.091585636138916,0.600715137067938,,,,0.0002
10,77600,3.2816433906555176,0.5359116022099447,,,,0.0002
10,77700,3.0401411056518555,0.5964391691394659,,,,0.0002
10,77800,3.032472610473633,0.6196769456681351,,,,0.0002
10,77900,3.177685260772705,0.5923836389280677,,,,0.0002
10,78000,3.115333318710327,0.6045340050377834,,,,0.0002
10,78100,3.067286491394043,0.6186961869618696,,,,0.0002
10,78200,3.183542251586914,0.5707434052757794,,,,0.0002
10,78300,3.2089731693267822,0.5605095541401274,,,,0.0002
10,78400,3.1093366146087646,0.589041095890411,,,,0.0002
10,78500,3.138045310974121,0.5925925925925926,,,,0.0002
10,78600,3.1315202713012695,0.5858310626702997,,,,0.0002
10,78700,3.053342819213867,0.6064139941690962,,,,0.0002
10,78800,3.2136082649230957,0.5563002680965148,,,,0.0002
10,78900,2.9621026515960693,0.5984455958549223,,,,0.0002
10,79000,3.0948638916015625,0.575682382133995,,,,0.0002
10,79100,3.192531108856201,0.5583075335397317,,,,0.0002
10,79200,3.1345746517181396,0.593505039193729,,,,0.0002
10,79300,3.0785863399505615,0.5739348370927319,,,,0.0002
10,79400,2.9809939861297607,0.6240126382306477,,,,0.0002
10,79500,3.2035253047943115,0.5563380281690141,,,,0.0002
10,79600,3.0262563228607178,0.6055172413793104,,,,0.0002
10,79700,2.9462103843688965,0.6216968011126565,,,,0.0002
10,79800,3.172071933746338,0.5794044665012407,,,,0.0002
10,79900,3.000723361968994,0.5877318116975749,,,,0.0002
10,80000,2.8954529762268066,0.6364985163204748,,,,0.0002
10,80100,3.025355100631714,0.6174863387978142,,,,0.0002
10,80200,3.1392040252685547,0.5938303341902313,,,,0.0002
10,80300,3.09853196144104,0.5754583921015515,,,,0.0002
10,80400,2.877017021179199,0.6350067842605156,,,,0.0002
10,80500,2.955737590789795,0.6354609929078014,,,,0.0002
10,80600,3.3893682956695557,0.5377358490566038,,,,0.0002
10,80700,2.9989845752716064,0.6102635228848821,,,,0.0002
10,80800,3.112884521484375,0.5964705882352941,,,,0.0002
10,80900,3.3786697387695312,0.52954808806489,,,,0.0002
10,80950,,,3.166588966727118,0.600528567860865,25.87954758845126,
11,81000,3.0337042808532715,0.6155580608793687,,,,0.0002
11,81100,3.0976815223693848,0.5907928388746803,,,,0.0002
11,81200,2.9682822227478027,0.6282722513089005,,,,0.0002
11,81300,2.8048062324523926,0.6649350649350649,,,,0.0002
11,81400,2.7652435302734375,0.651685393258427,,,,0.0002
11,81500,3.17533540725708,0.5692307692307692,,,,0.0002
11,81600,2.9563698768615723,0.5993788819875776,,,,0.0002
11,81700,3.004030227661133,0.6106965174129353,,,,0.0002
11,81800,3.022339344024658,0.5880829015544041,,,,0.0002
11,81900,2.8438172340393066,0.6468926553672316,,,,0.0002
11,82000,2.9766886234283447,0.6031746031746031,,,,0.0002
11,82100,2.819079875946045,0.6591511936339522,,,,0.0002
11,82200,3.0348598957061768,0.5748930099857347,,,,0.0002
11,82300,2.955239772796631,0.6222222222222222,,,,0.0002
11,82400,3.0268049240112305,0.599406528189911,,,,0.0002
11,82500,2.8067235946655273,0.634393063583815,,,,0.0002
11,82600,3.0194013118743896,0.6033287101248266,,,,0.0002
11,82700,2.7875308990478516,0.655367231638418,,,,0.0002
11,82800,3.0176942348480225,0.5958279009126467,,,,0.0002
11,82900,2.861257553100586,0.6285714285714286,,,,0.0002
11,83000,2.9910008907318115,0.625920471281296,,,,0.0002
11,83100,3.069504737854004,0.575031525851198,,,,0.0002
11,83200,2.8533902168273926,0.65,,,,0.0002
11,83300,2.9539413452148438,0.6156501726121979,,,,0.0002
11,83400,3.2053327560424805,0.5692307692307692,,,,0.0002
11,83500,3.1201131343841553,0.5902964959568733,,,,0.0002
11,83600,3.105569362640381,0.5813953488372093,,,,0.0002
11,83700,3.092094898223877,0.5782227784730913,,,,0.0002
11,83800,3.1862151622772217,0.5673575129533679,,,,0.0002
11,83900,3.260282516479492,0.5526641883519207,,,,0.0002
11,84000,3.1673028469085693,0.5463659147869674,,,,0.0002
11,84100,3.0878453254699707,0.6030013642564802,,,,0.0002
11,84200,3.0575833320617676,0.6048284625158831,,,,0.0002
11,84300,3.097667694091797,0.5992317541613317,,,,0.0002
11,84400,2.7824811935424805,0.6634877384196185,,,,0.0002
11,84500,2.995242118835449,0.6082644628099173,,,,0.0002
11,84600,3.098815441131592,0.5898673100120627,,,,0.0002
11,84700,3.0157618522644043,0.5988200589970502,,,,0.0002
11,84800,2.9587631225585938,0.6131045241809673,,,,0.0002
11,84900,3.208263874053955,0.5572519083969466,,,,0.0002
11,85000,3.2507219314575195,0.5744157441574416,,,,0.0002
11,85100,3.084188938140869,0.5740514075887393,,,,0.0002
11,85200,2.7550175189971924,0.6511254019292605,,,,0.0002
11,85300,2.8946726322174072,0.6348733233979136,,,,0.0002
11,85400,2.8457348346710205,0.637466307277628,,,,0.0002
11,85500,2.9069385528564453,0.6184615384615385,,,,0.0002
11,85600,2.8320116996765137,0.6346820809248555,,,,0.0002
11,85700,3.1836495399475098,0.5541310541310541,,,,0.0002
11,85800,3.1791181564331055,0.5703883495145631,,,,0.0002
11,85900,2.978877544403076,0.6068249258160238,,,,0.0002
11,86000,3.0594282150268555,0.5849056603773585,,,,0.0002
11,86100,2.823822021484375,0.6288,,,,0.0002
11,86200,3.0337491035461426,0.5982905982905983,,,,0.0002
11,86300,2.994413375854492,0.6110260336906586,,,,0.0002
11,86400,3.1352710723876953,0.5470588235294118,,,,0.0002
11,86500,3.0403876304626465,0.6066225165562914,,,,0.0002
11,86600,2.9204156398773193,0.6222826086956522,,,,0.0002
11,86700,3.24595308303833,0.5781071835803877,,,,0.0002
11,86800,3.2231369018554688,0.5674547983310153,,,,0.0002
11,86900,2.913217067718506,0.6090225563909775,,,,0.0002
11,87000,2.905768394470215,0.6148359486447932,,,,0.0002
11,87100,2.819739818572998,0.6436950146627566,,,,0.0002
11,87200,3.062159776687622,0.5875486381322957,,,,0.0002
11,87300,2.907564640045166,0.6135508155583438,,,,0.0002
11,87400,3.2381339073181152,0.5793450881612091,,,,0.0002
11,87500,2.816638469696045,0.6530014641288433,,,,0.0002
11,87600,2.9755280017852783,0.6142668428005285,,,,0.0002
11,87700,2.8692893981933594,0.6371911573472041,,,,0.0002
11,87800,3.0030815601348877,0.6019300361881785,,,,0.0002
11,87900,3.0010671615600586,0.5924479166666666,,,,0.0002
11,88000,3.2829368114471436,0.5743589743589743,,,,0.0002
11,88100,2.915097713470459,0.6102150537634409,,,,0.0002
11,88200,3.1137855052948,0.5769230769230769,,,,0.0002
11,88300,3.054838180541992,0.6057401812688822,,,,0.0002
11,88400,3.049860954284668,0.5929203539823009,,,,0.0002
11,88500,3.117945671081543,0.5884101040118871,,,,0.0002
11,88600,2.9886221885681152,0.6157024793388429,,,,0.0002
11,88700,2.9593989849090576,0.6024279210925645,,,,0.0002
11,88800,3.042667865753174,0.6139896373056994,,,,0.0002
11,88900,3.0768136978149414,0.5925925925925926,,,,0.0002
11,89000,3.142245054244995,0.5761741122565864,,,,0.0002
11,89045,,,3.1435801606794453,0.6051120590458491,,
12,89100,2.866720676422119,0.6296829971181557,,,,0.0002
12,89200,2.824653148651123,0.6297872340425532,,,,0.0002
12,89300,2.9799208641052246,0.5954106280193237,,,,0.0002
12,89400,3.035031318664551,0.5992462311557789,,,,0.0002
12,89500,2.7164130210876465,0.6534246575342466,,,,0.0002
12,89600,2.7732510566711426,0.6396011396011396,,,,0.0002
12,89700,2.815056562423706,0.6280400572246065,,,,0.0002
12,89800,3.0721120834350586,0.5963777490297542,,,,0.0002
12,89900,2.9662070274353027,0.6011834319526628,,,,0.0002
12,90000,2.9702775478363037,0.6157965194109772,,,,0.0002
12,90100,2.927164077758789,0.6251621271076524,,,,0.0002
12,90200,3.0548696517944336,0.5905882352941176,,,,0.0002
12,90300,2.846453905105591,0.6533742331288344,,,,0.0002
12,90400,3.054365634918213,0.585945945945946,,,,0.0002
12,90500,2.9602885246276855,0.6103151862464183,,,,0.0002
12,90600,2.8397603034973145,0.6241519674355496,,,,0.0002
12,90700,2.9818525314331055,0.6044083526682135,,,,0.0002
12,90800,2.974496841430664,0.6016646848989299,,,,0.0002
12,90900,3.1013312339782715,0.5967957276368492,,,,0.0002
12,91000,2.9904589653015137,0.5930851063829787,,,,0.0002
12,91100,2.8459455966949463,0.6363636363636364,,,,0.0002
12,91200,2.8141531944274902,0.6373902132998746,,,,0.0002
12,91300,3.079720973968506,0.5935162094763092,,,,0.0002
12,91400,2.9353959560394287,0.635846372688478,,,,0.0002
12,91500,2.93314528465271,0.6182634730538922,,,,0.0002
12,91600,3.1657676696777344,0.5531645569620253,,,,0.0002
12,91700,2.823111057281494,0.6217008797653959,,,,0.0002
12,91800,2.8605875968933105,0.6410256410256411,,,,0.0002
12,91900,3.0940327644348145,0.6012345679012345,,,,0.0002
12,92000,2.96287202835083,0.6178756476683938,,,,0.0002
12,92100,2.976771831512451,0.6264775413711584,,,,0.0002
12,92200,3.1594626903533936,0.5790108564535585,,,,0.0002
12,92300,3.0337131023406982,0.6029411764705882,,,,0.0002
12,92400,3.087526321411133,0.5884665792922673,,,,0.0002
12,92500,2.9938035011291504,0.5954198473282443,,,,0.0002
12,92600,2.9791011810302734,0.6164772727272727,,,,0.0002
12,92700,2.833512783050537,0.6389280677009873,,,,0.0002
12,92800,3.059976577758789,0.5936254980079682,,,,0.0002
12,92900,2.9799306392669678,0.5903141361256544,,,,0.0002
12,93000,3.1376490592956543,0.5724815724815725,,,,0.0002
12,93100,3.163618564605713,0.5618729096989966,,,,0.0002
12,93200,2.9381651878356934,0.6069651741293532,,,,0.0002
12,93300,3.257967948913574,0.5696902654867256,,,,0.0002
12,93400,2.9631052017211914,0.603085553997195,,,,0.0002
12,93500,2.8481907844543457,0.6598240469208211,,,,0.0002
12,93600,2.7277321815490723,0.6776859504132231,,,,0.0002
12,93700,3.1779303550720215,0.5693527080581242,,,,0.0002
12,93800,2.883394241333008,0.6370280146163215,,,,0.0002
12,93900,2.9128143787384033,0.6408045977011494,,,,0.0002
12,94000,3.055267810821533,0.5951417004048583,,,,0.0002
12,94100,3.2042837142944336,0.5620347394540943,,,,0.0002
12,94200,2.817807912826538,0.6494597839135654,,,,0.0002
12,94300,3.226898670196533,0.5680100755667506,,,,0.0002
12,94400,2.925380229949951,0.6086350974930362,,,,0.0002
12,94500,3.187811851501465,0.5725094577553594,,,,0.0002
12,94600,2.945178508758545,0.6211920529801325,,,,0.0002
12,94700,3.038147449493408,0.586483390607102,,,,0.0002
12,94800,3.2657971382141113,0.5515970515970516,,,,0.0002
12,94900,3.079026222229004,0.6040494938132733,,,,0.0002
12,95000,3.3235414028167725,0.5692665890570431,,,,0.0002
12,95100,2.935974359512329,0.6119221411192214,,,,0.0002
12,95200,3.147447109222412,0.5790108564535585,,,,0.0002
12,95300,2.8701772689819336,0.6416,,,,0.0002
12,95400,2.9259743690490723,0.6133518776077886,,,,0.0002
12,95500,3.1903679370880127,0.569634703196347,,,,0.0002
12,95600,2.9583208560943604,0.5961251862891207,,,,0.0002
12,95700,2.907107353210449,0.62982689747004,,,,0.0002
12,95800,2.8839430809020996,0.6107091172214182,,,,0.0002
12,95900,2.9402732849121094,0.6137841352405722,,,,0.0002
12,96000,3.16913104057312,0.5790190735694822,,,,0.0002
12,96100,3.0178020000457764,0.6026845637583893,,,,0.0002
12,96200,3.0693111419677734,0.588317107093185,,,,0.0002
12,96300,3.08996844291687,0.5791666666666667,,,,0.0002
12,96400,2.948333740234375,0.6217331499312242,,,,0.0002
12,96500,2.9936485290527344,0.621861152141802,,,,0.0002
12,96600,2.8739309310913086,0.6021361815754339,,,,0.0002
12,96700,3.009073257446289,0.6026666666666667,,,,0.0002
12,96800,3.0665106773376465,0.604221635883905,,,,0.0002
12,96900,3.077350616455078,0.5885850178359097,,,,0.0002
12,97000,3.1242504119873047,0.590851334180432,,,,0.0002
12,97100,2.881136417388916,0.6238651102464332,,,,0.0002
12,97140,,,3.1173277364065815,0.608997950368792,,
13,97200,2.9064996242523193,0.6380697050938338,,,,0.0002
13,97300,2.9114413261413574,0.6091127098321343,,,,0.0002
13,97400,2.9790663719177246,0.615681233933162,,,,0.0002
13,97500,2.8608288764953613,0.6295264623955432,,,,0.0002
13,97600,2.839686393737793,0.6392572944297082,,,,0.0002
13,97700,2.9333462715148926,0.6042496679946879,,,,0.0002
13,97800,2.7469089031219482,0.6406685236768802,,,,0.0002
13,97900,2.8409366607666016,0.6277850589777195,,,,0.0002
13,98000,2.5310964584350586,0.6985815602836879,,,,0.0002
13,98100,2.9721713066101074,0.643603133159269,,,,0.0002
13,98200,2.916837692260742,0.6227208976157083,,,,0.0002
13,98300,3.00004506111145,0.5940828402366863,,,,0.0002
13,98400,2.825566530227661,0.6451187335092349,,,,0.0002
13,98500,3.067617654800415,0.6142322097378277,,,,0.0002
13,98600,2.8515708446502686,0.6259842519685039,,,,0.0002
13,98700,2.849120616912842,0.6538461538461539,,,,0.0002
13,98800,2.7548203468322754,0.6469719350073855,,,,0.0002
13,98900,2.8444995880126953,0.6352288488210819,,,,0.0002
13,99000,2.8618173599243164,0.6161616161616161,,,,0.0002
13,99100,2.9279136657714844,0.6260257913247362,,,,0.0002
13,99200,2.9427902698516846,0.6043533930857875,,,,0.0002
13,99300,3.0632200241088867,0.6104651162790697,,,,0.0002
13,99400,3.1804356575012207,0.5858854860186418,,,,0.0002
13,99500,2.9858007431030273,0.64,,,,0.0002
13,99600,3.159440517425537,0.5827900912646675,,,,0.0002
13,99700,3.2600860595703125,0.5458015267175572,,,,0.0002
13,99800,2.9438328742980957,0.6053268765133172,,,,0.0002
13,99900,3.0207319259643555,0.607728337236534,,,,0.0002
13,100000,3.1419525146484375,0.5770609318996416,,,,0.0002
13,100100,2.826559543609619,0.6555142503097894,,,,0.0002
13,100200,2.9720711708068848,0.5884718498659517,,,,0.0002
13,100300,2.851750373840332,0.6372413793103449,,,,0.0002
13,100400,2.88494873046875,0.648936170212766,,,,0.0002
13,100500,3.0501983165740967,0.594488188976378,,,,0.0002
13,100600,2.9719009399414062,0.6266846361185984,,,,0.0002
13,100700,2.9247071743011475,0.6324786324786325,,,,0.0002
13,100800,3.1732592582702637,0.5633456334563346,,,,0.0002
13,100900,2.923236846923828,0.6322674418604651,,,,0.0002
13,101000,2.8710074424743652,0.6345609065155807,,,,0.0002
13,101100,3.1865224838256836,0.5666666666666667,,,,0.0002
13,101200,3.0723791122436523,0.6229729729729729,,,,0.0002
13,101300,2.989046096801758,0.620817843866171,,,,0.0002
13,101400,2.868356704711914,0.6260657734470159,,,,0.0002
13,101500,2.94692325592041,0.6008010680907877,,,,0.0002
13,101600,3.001762866973877,0.617579908675799,,,,0.0002
13,101700,2.6522669792175293,0.6804733727810651,,,,0.0002
13,101800,3.1036694049835205,0.5871313672922251,,,,0.0002
13,101900,2.9259305000305176,0.6186440677966102,,,,0.0002
13,102000,2.9511075019836426,0.6172680412371134,,,,0.0002
13,102100,2.8012118339538574,0.6386010362694301,,,,0.0002
13,102200,2.987818717956543,0.6189903846153846,,,,0.0002
13,102300,2.9489808082580566,0.6036585365853658,,,,0.0002
13,102400,3.048536539077759,0.5963020030816641,,,,0.0002
13,102500,3.1219639778137207,0.5657894736842105,,,,0.0002
13,102600,2.858271837234497,0.6028460543337646,,,,0.0002
13,102700,2.8185102939605713,0.6339779005524862,,,,0.0002
13,102800,2.9191064834594727,0.6254777070063694,,,,0.0002
13,102900,2.760383129119873,0.6421052631578947,,,,0.0002
13,103000,3.051060199737549,0.5973837209302325,,,,0.0002
13,103100,3.088231086730957,0.6081808396124866,,,,0.0002
13,103200,3.0366883277893066,0.5966149506346967,,,,0.0002
13,103300,2.817911386489868,0.6238805970149254,,,,0.0002
13,103400,3.1020851135253906,0.5796519410977242,,,,0.0002
13,103500,2.9036307334899902,0.6138613861386139,,,,0.0002
13,103600,2.8786168098449707,0.6284584980237155,,,,0.0002
13,103700,3.062805652618408,0.6182266009852216,,,,0.0002
13,103800,2.9157583713531494,0.6269956458635704,,,,0.0002
13,103900,3.3699471950531006,0.5453551912568306,,,,0.0002
13,104000,3.09303617477417,0.58625,,,,0.0002
13,104100,2.9772322177886963,0.6246648793565683,,,,0.0002
13,104200,2.941218852996826,0.6298619824341279,,,,0.0002
13,104300,3.0411581993103027,0.5976253298153035,,,,0.0002
13,104400,3.1146726608276367,0.5688073394495413,,,,0.0002
13,104500,3.0123538970947266,0.5948275862068966,,,,0.0002
13,104600,3.0156474113464355,0.6224611708482676,,,,0.0002
13,104700,2.933736801147461,0.623688155922039,,,,0.0002
13,104800,2.8795113563537598,0.6082251082251082,,,,0.0002
13,104900,3.0363550186157227,0.5982028241335045,,,,0.0002
13,105000,3.0389926433563232,0.6055555555555555,,,,0.0002
13,105100,3.039552688598633,0.5929319371727748,,,,0.0002
13,105200,3.150332450866699,0.5981416957026713,,,,0.0002
13,105235,,,3.099085679431733,0.6128493886957053,,
14,105300,2.7641444206237793,0.660904255319149,,,,0.0002
14,105400,2.775632619857788,0.6436314363143631,,,,0.0002
14,105500,2.9973230361938477,0.6129032258064516,,,,0.0002
14,105600,2.8253283500671387,0.6459709379128138,,,,0.0002
14,105700,2.819180965423584,0.6420765027322405,,,,0.0002
14,105800,2.73390531539917,0.6392811296534018,,,,0.0002
14,105900,2.7892425060272217,0.6463932107496464,,,,0.0002
14,106000,3.1405858993530273,0.5602484472049689,,,,0.0002
14,106100,2.9580488204956055,0.6149068322981367,,,,0.0002
14,106200,2.8570656776428223,0.6215880893300249,,,,0.0002
14,106300,2.9009037017822266,0.6151797603195739,,,,0.0002
14,106400,2.830543041229248,0.6487804878048781,,,,0.0002
14,106500,2.8574059009552,0.6414073071718539,,,,0.0002
14,106600,2.9135899543762207,0.6094527363184079,,,,0.0002
14,106700,2.9268014430999756,0.6096324461343473,,,,0.0002
14,106800,3.0461673736572266,0.5818858560794045,,,,0.0002
14,106900,2.9694905281066895,0.6292682926829268,,,,0.0002
14,107000,2.7101736068725586,0.6774628879892037,,,,0.0002
14,107100,2.7903249263763428,0.6447688564476886,,,,0.0002
14,107200,2.901628017425537,0.6368286445012787,,,,0.0002
14,107300,2.9391775131225586,0.607192254495159,,,,0.0002
14,107400,2.831542491912842,0.6454741379310345,,,,0.0002
14,107500,2.839144229888916,0.6444444444444445,,,,0.0002
14,107600,2.8130593299865723,0.63572267920094,,,,0.0002
14,107700,2.8472495079040527,0.6625194401244168,,,,0.0002
14,107800,2.7146997451782227,0.6543909348441926,,,,0.0002
14,107900,2.865818500518799,0.6453900709219859,,,,0.0002
14,108000,3.000171184539795,0.5983009708737864,,,,0.0002
14,108100,3.1293442249298096,0.5588571428571428,,,,0.0002
14,108200,2.6677398681640625,0.676923076923077,,,,0.0002
14,108300,2.861384868621826,0.6607369758576874,,,,0.0002
14,108400,2.7690773010253906,0.6259541984732825,,,,0.0002
14,108500,2.9080557823181152,0.6331168831168831,,,,0.0002
14,108600,2.9139204025268555,0.6141732283464567,,,,0.0002
14,108700,2.841050624847412,0.6470588235294118,,,,0.0002
14,108800,2.823305130004883,0.6257309941520468,,,,0.0002
14,108900,2.8930306434631348,0.6209386281588448,,,,0.0002
14,109000,2.9714736938476562,0.6058394160583942,,,,0.0002
14,109100,2.9564473628997803,0.6216577540106952,,,,0.0002
14,109200,2.722442626953125,0.6327116212338594,,,,0.0002
14,109300,2.9836978912353516,0.6160458452722063,,,,0.0002
14,109400,2.9520936012268066,0.6239316239316239,,,,0.0002
14,109500,2.9488325119018555,0.6480446927374302,,,,0.0002
14,109600,2.9769792556762695,0.6108949416342413,,,,0.0002
14,109700,2.8854589462280273,0.6606896551724138,,,,0.0002
14,109800,2.784419298171997,0.6685472496473907,,,,0.0002
14,109900,2.7756247520446777,0.6671732522796353,,,,0.0002
14,110000,3.217122793197632,0.5548926014319809,,,,0.0002
14,110100,2.9060451984405518,0.6077032810271041,,,,0.0002
14,110200,2.94922137260437,0.5841726618705037,,,,0.0002
14,110300,3.0951242446899414,0.5839017735334243,,,,0.0002
14,110400,3.116647720336914,0.599009900990099,,,,0.0002
14,110500,2.9753925800323486,0.6068965517241379,,,,0.0002
14,110600,3.0326642990112305,0.6114649681528662,,,,0.0002
14,110700,2.928367853164673,0.6220858895705521,,,,0.0002
14,110800,2.7452895641326904,0.6567164179104478,,,,0.0002
14,110900,3.098036289215088,0.595,,,,0.0002
14,111000,3.0001749992370605,0.5928659286592866,,,,0.0002
14,111100,3.0196385383605957,0.6133682830930537,,,,0.0002
14,111200,2.834813356399536,0.6453715775749674,,,,0.0002
14,111300,3.2941625118255615,0.5664516129032258,,,,0.0002
14,111400,2.780381679534912,0.6634382566585957,,,,0.0002
14,111500,2.9171347618103027,0.6367041198501873,,,,0.0002
14,111600,3.01212739944458,0.5969773299748111,,,,0.0002
14,111700,2.9948318004608154,0.5888888888888889,,,,0.0002
14,111800,2.8459420204162598,0.6316526610644257,,,,0.0002
14,111900,2.971696615219116,0.603112840466926,,,,0.0002
14,112000,2.9393186569213867,0.6231884057971014,,,,0.0002
14,112100,2.9863038063049316,0.6197368421052631,,,,0.0002
14,112200,3.0223326683044434,0.5970744680851063,,,,0.0002
14,112300,2.8141188621520996,0.6028368794326241,,,,0.0002
14,112400,2.921557903289795,0.5844346549192364,,,,0.0002
14,112500,2.8581748008728027,0.6390449438202247,,,,0.0002
14,112600,2.8243296146392822,0.6527377521613833,,,,0.0002
14,112700,2.889617443084717,0.6271820448877805,,,,0.0002
14,112800,2.9493441581726074,0.5931972789115646,,,,0.0002
14,112900,2.6946589946746826,0.6540084388185654,,,,0.0002
14,113000,3.0438191890716553,0.5982905982905983,,,,0.0002
14,113100,2.778480052947998,0.6556927297668038,,,,0.0002
14,113200,2.8679568767547607,0.6253443526170799,,,,0.0002
14,113300,2.8653316497802734,0.6058673469387755,,,,0.0002
14,113330,,,3.085269510746002,0.6155809269955336,,
15,113400,3.0866446495056152,0.5997596153846154,,,,0.0002
15,113500,2.788508176803589,0.6545698924731183,,,,0.0002
15,113600,2.992910861968994,0.6187335092348285,,,,0.0002
15,113700,2.9580607414245605,0.6166219839142091,,,,0.0002
15,113800,2.741579294204712,0.639225181598063,,,,0.0002
15,113900,2.909198760986328,0.6121883656509696,,,,0.0002
15,114000,2.7612457275390625,0.656203288490284,,,,0.0002
15,114100,2.895115852355957,0.6221973094170403,,,,0.0002
15,114200,2.813995838165283,0.6304023845007451,,,,0.0002
15,114300,2.716963291168213,0.6683354192740926,,,,0.0002
15,114400,2.5933022499084473,0.7004538577912254,,,,0.0002
15,114500,2.7687065601348877,0.6430817610062893,,,,0.0002
15,114600,2.897916316986084,0.6259168704156479,,,,0.0002
15,114700,2.8878703117370605,0.6025641025641025,,,,0.0002
15,114800,2.796201229095459,0.6491499227202473,,,,0.0002
15,114900,2.922865867614746,0.6016150740242261,,,,0.0002
15,115000,2.9312233924865723,0.6329588014981273,,,,0.0002
15,115100,2.7250008583068848,0.655608214849921,,,,0.0002
15,115200,2.684865951538086,0.674884437596302,,,,0.0002
15,115300,2.6962432861328125,0.6630286493860846,,,,0.0002
15,115400,2.8357832431793213,0.6342412451361867,,,,0.0002
15,115500,2.8025901317596436,0.6577344701583435,,,,0.0002
15,115600,2.9303364753723145,0.6143790849673203,,,,0.0002
15,115700,2.9940733909606934,0.6032171581769437,,,,0.0002
15,115800,2.814305067062378,0.6364764267990074,,,,0.0002
15,115900,2.872469425201416,0.6130268199233716,,,,0.0002
15,116000,2.942884683609009,0.6152832674571805,,,,0.0002
15,116100,3.050929546356201,0.6183294663573086,,,,0.0002
15,116200,2.811579704284668,0.6332863187588152,,,,0.0002
15,116300,2.859210968017578,0.6324549237170597,,,,0.0002
15,116400,2.960702896118164,0.6125511596180082,,,,0.0002
15,116500,2.8545889854431152,0.6292749658002736,,,,0.0002
15,116600,2.8935656547546387,0.6253196930946292,,,,0.0002
15,116700,2.868652820587158,0.6459537572254336,,,,0.0002
15,116800,2.9812393188476562,0.6352941176470588,,,,0.0002
15,116900,2.938265085220337,0.6185852981969486,,,,0.0002
15,117000,2.8658909797668457,0.6207951070336392,,,,0.0002
15,117100,3.103982925415039,0.5687074829931973,,,,0.0002
15,117200,2.67777419090271,0.6666666666666666,,,,0.0002
15,117300,2.7599339485168457,0.6578947368421053,,,,0.0002
15,117400,2.9286556243896484,0.6042003231017771,,,,0.0002
15,117500,2.902101993560791,0.6161616161616161,,,,0.0002
15,117600,2.8457813262939453,0.6204188481675392,,,,0.0002
15,117700,2.724155902862549,0.6670792079207921,,,,0.0002
15,117800,2.978328227996826,0.6138014527845036,,,,0.0002
15,117900,2.913503646850586,0.6447368421052632,,,,0.0002
15,118000,2.9907989501953125,0.616822429906542,,,,0.0002
15,118100,2.869410276412964,0.6386292834890965,,,,0.0002
15,118200,2.787024974822998,0.6508344030808729,,,,0.0002
15,118300,2.9608449935913086,0.6077694235588973,,,,0.0002
15,118400,2.8085155487060547,0.6553884711779449,,,,0.0002
15,118500,2.974545478820801,0.610738255033557,,,,0.0002
15,118600,2.7447352409362793,0.6617862371888726,,,,0.0002
15,118700,2.7773797512054443,0.6533149171270718,,,,0.0002
15,118800,2.8318068981170654,0.6265560165975104,,,,0.0002
15,118900,2.9977636337280273,0.5853080568720379,,,,0.0002
15,119000,2.781930685043335,0.6427640156453716,,,,0.0002
15,119100,2.956282615661621,0.6177777777777778,,,,0.0002
15,119200,2.9505059719085693,0.5859375,,,,0.0002
15,119300,2.994403839111328,0.6074766355140186,,,,0.0002
15,119400,2.934609889984131,0.6220858895705521,,,,0.0002
15,119500,2.8305230140686035,0.6380697050938338,,,,0.0002
15,119600,2.8833537101745605,0.6328963051251489,,,,0.0002
15,119700,2.971261501312256,0.6043577981651376,,,,0.0002
15,119800,2.870281457901001,0.6315120711562897,,,,0.0002
15,119900,2.9498491287231445,0.6336260978670013,,,,0.0002
15,120000,3.0157880783081055,0.5863453815261044,,,,0.0002
15,120100,2.979271411895752,0.6139154160982264,,,,0.0002
15,120200,2.9824376106262207,0.6108179419525066,,,,0.0002
15,120300,2.8664331436157227,0.6351550960118169,,,,0.0002
15,120400,2.8173022270202637,0.6089918256130791,,,,0.0002
15,120500,2.980097770690918,0.6050775740479548,,,,0.0002
15,120600,2.8281829357147217,0.6440922190201729,,,,0.0002
15,120700,2.8921523094177246,0.6284875183553598,,,,0.0002
15,120800,2.7711009979248047,0.6770538243626062,,,,0.0002
15,120900,3.148589611053467,0.5815691158156912,,,,0.0002
15,121000,2.884442090988159,0.635670731707317,,,,0.0002
15,121100,2.974663734436035,0.6511299435028248,,,,0.0002
15,121200,2.9134273529052734,0.6188055908513341,,,,0.0002
15,121300,2.7567365169525146,0.6602641056422569,,,,0.0002
15,121400,2.8573250770568848,0.6073968705547653,,,,0.0002
15,121425,,,3.068707096632201,0.6182156393419204,27.717018988742186,
16,121500,2.74855899810791,0.6550802139037433,,,,0.0002
16,121600,2.743011236190796,0.6630170316301703,,,,0.0002
16,121700,2.973201274871826,0.6146458583433373,,,,0.0002
16,121800,2.701716899871826,0.6813471502590673,,,,0.0002
16,121900,2.864522933959961,0.6103351955307262,,,,0.0002
16,122000,2.829951763153076,0.6469719350073855,,,,0.0002
16,122100,3.032195568084717,0.6191677175283733,,,,0.0002
16,122200,2.793229103088379,0.6317829457364341,,,,0.0002
16,122300,2.701685905456543,0.6455542021924482,,,,0.0002
16,122400,2.9236135482788086,0.6069587628865979,,,,0.0002
16,122500,2.7971839904785156,0.6377245508982036,,,,0.0002
16,122600,2.834193706512451,0.646074646074646,,,,0.0002
16,122700,2.6175894737243652,0.6842837273991655,,,,0.0002
16,122800,2.704185962677002,0.6744759556103576,,,,0.0002
16,122900,2.986488103866577,0.6035353535353535,,,,0.0002
16,123000,2.809738874435425,0.6359832635983264,,,,0.0002
16,123100,3.0454444885253906,0.5990338164251208,,,,0.0002
16,123200,2.86596941947937,0.606020942408377,,,,0.0002
16,123300,2.814676523208618,0.6360338573155986,,,,0.0002
16,123400,2.735445261001587,0.649025069637883,,,,0.0002
16,123500,3.023057699203491,0.5779816513761468,,,,0.0002
16,123600,2.8515658378601074,0.633177570093458,,,,0.0002
16,123700,2.8624157905578613,0.6185286103542235,,,,0.0002
16,123800,2.8754026889801025,0.6387665198237885,,,,0.0002
16,123900,2.807249069213867,0.6395348837209303,,,,0.0002
16,124000,3.0313467979431152,0.6024590163934426,,,,0.0002
16,124100,2.9198102951049805,0.6081258191349934,,,,0.0002
16,124200,2.978484630584717,0.5942211055276382,,,,0.0002
16,124300,2.7478528022766113,0.6228813559322034,,,,0.0002
16,124400,2.7432727813720703,0.6568483063328424,,,,0.0002
16,124500,2.9659013748168945,0.6174801362088536,,,,0.0002
16,124600,3.092804431915283,0.6036866359447005,,,,0.0002
16,124700,2.7176647186279297,0.663760896637609,,,,0.0002
16,124800,2.7923994064331055,0.6323155216284987,,,,0.0002
16,124900,2.9278721809387207,0.6127247579529738,,,,0.0002
16,125000,2.805549144744873,0.646505376344086,,,,0.0002
16,125100,2.8892030715942383,0.6458635703918723,,,,0.0002
16,125200,2.7309727668762207,0.6777939042089985,,,,0.0002
16,125300,2.9834837913513184,0.6037037037037037,,,,0.0002
16,125400,3.0689430236816406,0.5920177383592018,,,,0.0002
16,125500,3.033207416534424,0.6146788990825688,,,,0.0002
16,125600,3.204777956008911,0.5728476821192053,,,,0.0002
16,125700,2.7772717475891113,0.6441558441558441,,,,0.0002
16,125800,2.5633344650268555,0.697171381031614,,,,0.0002
16,125900,2.7794933319091797,0.6308641975308642,,,,0.0002
16,126000,2.9610414505004883,0.6086448598130841,,,,0.0002
16,126100,2.955026149749756,0.6067796610169491,,,,0.0002
16,126200,2.9091455936431885,0.6110344827586207,,,,0.0002
16,126300,2.934929370880127,0.6270136307311028,,,,0.0002
16,126400,3.0141654014587402,0.6138482023968043,,,,0.0002
16,126500,2.900491714477539,0.6119402985074627,,,,0.0002
16,126600,2.821903705596924,0.6266490765171504,,,,0.0002
16,126700,3.0785067081451416,0.599195710455764,,,,0.0002
16,126800,2.7444467544555664,0.6435506241331485,,,,0.0002
16,126900,3.0244550704956055,0.5965714285714285,,,,0.0002
16,127000,3.0555667877197266,0.5990396158463386,,,,0.0002
16,127100,2.9199976921081543,0.6280884265279584,,,,0.0002
16,127200,2.940837860107422,0.6107711138310894,,,,0.0002
16,127300,2.826965808868408,0.6498470948012233,,,,0.0002
16,127400,2.843618392944336,0.6526019690576652,,,,0.0002
16,127500,3.08737850189209,0.5854241338112306,,,,0.0002
16,127600,2.9748034477233887,0.6087962962962963,,,,0.0002
16,127700,2.880448818206787,0.6203703703703703,,,,0.0002
16,127800,2.905174732208252,0.6007281553398058,,,,0.0002
16,127900,2.8687329292297363,0.6211453744493393,,,,0.0002
16,128000,3.072143793106079,0.5780487804878048,,,,0.0002
16,128100,2.8810176849365234,0.6136680613668062,,,,0.0002
16,128200,3.023881673812866,0.5767326732673267,,,,0.0002
16,128300,2.893599510192871,0.6096698113207547,,,,0.0002
16,128400,3.016552686691284,0.5990990990990991,,,,0.0002
16,128500,2.9166603088378906,0.6307506053268765,,,,0.0002
16,128600,2.8603105545043945,0.6345108695652174,,,,0.0002
16,128700,3.0167243480682373,0.6034669555796316,,,,0.0002
16,128800,3.0915298461914062,0.5752941176470588,,,,0.0002
16,128900,3.06882643699646,0.6017069701280228,,,,0.0002
16,129000,2.8235907554626465,0.6735751295336787,,,,0.0002
16,129100,3.0226073265075684,0.6047819971870605,,,,0.0002
16,129200,2.9332375526428223,0.6031537450722734,,,,0.0002
16,129300,2.803788900375366,0.6340533672172808,,,,0.0002
16,129400,2.908689498901367,0.603267211201867,,,,0.0002
16,129500,2.9731321334838867,0.6089108910891089,,,,0.0002
16,129520,,,3.0612208510860714,0.620830012488183,,
17,129600,2.6033644676208496,0.6785714285714286,,,,0.0002
17,129700,2.8089003562927246,0.6197007481296758,,,,0.0002
17,129800,2.7551465034484863,0.6390041493775933,,,,0.0002
17,129900,2.783848762512207,0.6645807259073843,,,,0.0002
17,130000,2.8376407623291016,0.6348314606741573,,,,0.0002
17,130100,2.734032154083252,0.6624365482233503,,,,0.0002
17,130200,2.867872476577759,0.6053864168618267,,,,0.0002
17,130300,2.809647798538208,0.6371158392434988,,,,0.0002
17,130400,2.797419548034668,0.6367521367521367,,,,0.0002
17,130500,2.7930285930633545,0.6352941176470588,,,,0.0002
17,130600,2.824235439300537,0.6547029702970297,,,,0.0002
17,130700,2.66856050491333,0.6563011456628478,,,,0.0002
17,130800,2.960394859313965,0.5921219822109276,,,,0.0002
17,130900,2.7165279388427734,0.6631853785900783,,,,0.0002
17,131000,2.834537982940674,0.6420765027322405,,,,0.0002
17,131100,3.0161361694335938,0.5791710945802337,,,,0.0002
17,131200,2.7728357315063477,0.6482758620689655,,,,0.0002
17,131300,2.7329859733581543,0.6542857142857142,,,,0.0002
17,131400,2.667130947113037,0.6729475100942126,,,,0.0002
17,131500,2.8304505348205566,0.6291989664082688,,,,0.0002
17,131600,2.7814433574676514,0.660904255319149,,,,0.0002
17,131700,2.8505682945251465,0.6469165659008465,,,,0.0002
17,131800,2.727382183074951,0.6666666666666666,,,,0.0002
17,131900,2.886794090270996,0.6325,,,,0.0002
17,132000,2.943265438079834,0.613722998729352,,,,0.0002
17,132100,2.8107638359069824,0.6332094175960347,,,,0.0002
17,132200,2.860527753829956,0.6289156626506024,,,,0.0002
17,132300,2.9948432445526123,0.6100478468899522,,,,0.0002
17,132400,2.789616823196411,0.6328725038402457,,,,0.0002
17,132500,2.668632984161377,0.6692426584234931,,,,0.0002
17,132600,2.7044811248779297,0.6631716906946264,,,,0.0002
17,132700,2.731654167175293,0.665389527458493,,,,0.0002
17,132800,2.6652936935424805,0.6903703703703704,,,,0.0002
17,132900,2.7998294830322266,0.6488651535380507,,,,0.0002
17,133000,2.7831673622131348,0.637956204379562,,,,0.0002
17,133100,2.6797757148742676,0.6510574018126888,,,,0.0002
17,133200,2.655529022216797,0.6471494607087828,,,,0.0002
17,133300,2.848618984222412,0.6262068965517241,,,,0.0002
17,133400,2.7757654190063477,0.6602067183462532,,,,0.0002
17,133500,2.76282000541687,0.6597051597051597,,,,0.0002
17,133600,2.930130958557129,0.6291390728476821,,,,0.0002
17,133700,2.831753730773926,0.6352657004830918,,,,0.0002
17,133800,2.855837345123291,0.628668171557562,,,,0.0002
17,133900,3.0165934562683105,0.5775,,,,0.0002
17,134000,2.965846538543701,0.6020942408376964,,,,0.0002
17,134100,2.715651512145996,0.6699507389162561,,,,0.0002
17,134200,3.0597267150878906,0.5989583333333334,,,,0.0002
17,134300,2.6892940998077393,0.648936170212766,,,,0.0002
17,134400,3.0455996990203857,0.5891141942369263,,,,0.0002
17,134500,2.855046033859253,0.6180257510729614,,,,0.0002
17,134600,3.0396738052368164,0.5939759036144578,,,,0.0002
17,134700,2.8763961791992188,0.6184049079754601,,,,0.0002
17,134800,2.8011417388916016,0.6378600823045267,,,,0.0002
17,134900,3.092965602874756,0.6043425814234017,,,,0.0002
17,135000,2.6387109756469727,0.6954102920723226,,,,0.0002
17,135100,2.761927843093872,0.656516443361754,,,,0.0002
17,135200,2.7831311225891113,0.6364864864864865,,,,0.0002
17,135300,2.702970266342163,0.6368221941992434,,,,0.0002
17,135400,2.9248948097229004,0.6120906801007556,,,,0.0002
17,135500,2.8761343955993652,0.6272352132049519,,,,0.0002
17,135600,2.8784494400024414,0.6198675496688741,,,,0.0002
17,135700,2.852165699005127,0.6428571428571429,,,,0.0002
17,135800,2.861462116241455,0.6288384512683578,,,,0.0002
17,135900,2.9061529636383057,0.6221945137157108,,,,0.0002
17,136000,3.027596950531006,0.5901408450704225,,,,0.0002
17,136100,2.7548141479492188,0.6561679790026247,,,,0.0002
17,136200,3.031033992767334,0.5932432432432433,,,,0.0002
17,136300,3.04365873336792,0.5944148936170213,,,,0.0002
17,136400,2.805663585662842,0.6354625550660793,,,,0.0002
17,136500,2.80344557762146,0.6414073071718539,,,,0.0002
17,136600,3.0127787590026855,0.5987577639751552,,,,0.0002
17,136700,3.1158394813537598,0.5964691046658259,,,,0.0002
17,136800,2.8641157150268555,0.6449375866851595,,,,0.0002
17,136900,3.1358325481414795,0.5721854304635762,,,,0.0002
17,137000,2.9159324169158936,0.6097222222222223,,,,0.0002
17,137100,3.06087064743042,0.5855181023720349,,,,0.0002
17,137200,2.8195793628692627,0.6622162883845126,,,,0.0002
17,137300,3.0163326263427734,0.5945578231292517,,,,0.0002
17,137400,2.8916738033294678,0.6298342541436464,,,,0.0002
17,137500,3.0720839500427246,0.5728476821192053,,,,0.0002
17,137600,2.774597406387329,0.6625514403292181,,,,0.0002
17,137615,,,3.0456317270454343,0.6231756902409713,,
18,137700,2.7924599647521973,0.6341463414634146,,,,0.0002
18,137800,2.7759361267089844,0.6525547445255474,,,,0.0002
18,137900,2.8530354499816895,0.6361386138613861,,,,0.0002
18,138000,2.50986385345459,0.7061068702290076,,,,0.0002
18,138100,2.8420462608337402,0.6564495530012772,,,,0.0002
18,138200,2.573636293411255,0.6879756468797564,,,,0.0002
18,138300,2.6893224716186523,0.6722365038560412,,,,0.0002
18,138400,2.829679012298584,0.6345933562428407,,,,0.0002
18,138500,2.814894914627075,0.6434426229508197,,,,0.0002
18,138600,2.7265310287475586,0.6396103896103896,,,,0.0002
18,138700,2.706559658050537,0.6583629893238434,,,,0.0002
18,138800,2.5869691371917725,0.6754385964912281,,,,0.0002
18,138900,2.650726795196533,0.6644385026737968,,,,0.0002
18,139000,2.749345302581787,0.6714285714285714,,,,0.0002
18,139100,2.7091054916381836,0.6627906976744186,,,,0.0002
18,139200,2.8195762634277344,0.6562073669849932,,,,0.0002
18,139300,2.9201035499572754,0.6253101736972705,,,,0.0002
18,139400,2.8103537559509277,0.6362725450901804,,,,0.0002
18,139500,2.8268818855285645,0.6140845070422535,,,,0.0002
18,139600,2.7423200607299805,0.6561679790026247,,,,0.0002
18,139700,2.8048110008239746,0.6353522867737948,,,,0.0002
18,139800,2.8639814853668213,0.6558988764044944,,,,0.0002
18,139900,2.949131965637207,0.6123822341857336,,,,0.0002
18,140000,2.914106607437134,0.6189801699716714,,,,0.0002
18,140100,2.881894588470459,0.6159122085048011,,,,0.0002
18,140200,2.9125595092773438,0.6323337679269883,,,,0.0002
18,140300,2.943781614303589,0.6157575757575757,,,,0.0002
18,140400,2.7960305213928223,0.6484375,,,,0.0002
18,140500,2.9461092948913574,0.6110458284371327,,,,0.0002
18,140600,2.857974052429199,0.6221985058697972,,,,0.0002
18,140700,2.8818302154541016,0.609375,,,,0.0002
18,140800,2.629709243774414,0.6757493188010899,,,,0.0002
18,140900,2.7774665355682373,0.6509695290858726,,,,0.0002
18,141000,2.8310885429382324,0.630012936610608,,,,0.0002
18,141100,2.7556777000427246,0.6445047489823609,,,,0.0002
18,141200,2.9018654823303223,0.6217494089834515,,,,0.0002
18,141300,2.8417253494262695,0.6107986501687289,,,,0.0002
18,141400,2.990838050842285,0.581081081081081,,,,0.0002
18,141500,2.768242597579956,0.624113475177305,,,,0.0002
18,141600,2.8565874099731445,0.6246943765281173,,,,0.0002
18,141700,2.9005208015441895,0.6205533596837944,,,,0.0002
18,141800,2.899188995361328,0.6195965417867435,,,,0.0002
18,141900,3.0869550704956055,0.5858343337334934,,,,0.0002
18,142000,2.717644214630127,0.6801872074882995,,,,0.0002
18,142100,2.921614646911621,0.6430317848410758,,,,0.0002
18,142200,2.7048044204711914,0.6583850931677019,,,,0.0002
18,142300,2.7330687046051025,0.6584415584415585,,,,0.0002
18,142400,3.048833131790161,0.5926829268292683,,,,0.0002
18,142500,2.743643283843994,0.6551724137931034,,,,0.0002
18,142600,2.8951032161712646,0.6244725738396625,,,,0.0002
18,142700,2.8275372982025146,0.6531468531468532,,,,0.0002
18,142800,2.8372883796691895,0.6383601756954612,,,,0.0002
18,142900,2.9895153045654297,0.614713216957606,,,,0.0002
18,143000,2.990312099456787,0.5937136204889406,,,,0.0002
18,143100,2.791048526763916,0.6469833119383825,,,,0.0002
18,143200,2.885463237762451,0.6225728155339806,,,,0.0002
18,143300,2.898118495941162,0.6128608923884514,,,,0.0002
18,143400,2.9340696334838867,0.6125150421179302,,,,0.0002
18,143500,3.030457019805908,0.5859649122807018,,,,0.0002
18,143600,2.8025941848754883,0.6302864938608458,,,,0.0002
18,143700,2.6119487285614014,0.6830508474576271,,,,0.0002
18,143800,2.9016666412353516,0.6237745098039216,,,,0.0002
18,143900,2.9868273735046387,0.6103575832305795,,,,0.0002
18,144000,2.728682041168213,0.6570680628272252,,,,0.0002
18,144100,2.961542844772339,0.601593625498008,,,,0.0002
18,144200,2.8272531032562256,0.6269430051813472,,,,0.0002
18,144300,2.989894151687622,0.608876560332871,,,,0.0002
18,144400,2.856186866760254,0.6206896551724138,,,,0.0002
18,144500,2.996060371398926,0.5876042908224076,,,,0.0002
18,144600,2.947610378265381,0.6141826923076923,,,,0.0002
18,144700,2.8130245208740234,0.6279949558638083,,,,0.0002
18,144800,2.9161453247070312,0.6072931276297335,,,,0.0002
18,144900,2.729609966278076,0.6475675675675676,,,,0.0002
18,145000,3.074657440185547,0.594222833562586,,,,0.0002
18,145100,2.912179470062256,0.618204804045512,,,,0.0002
18,145200,2.982649803161621,0.6057934508816121,,,,0.0002
18,145300,2.9463019371032715,0.6218274111675127,,,,0.0002
18,145400,2.898027181625366,0.6236722306525038,,,,0.0002
18,145500,2.7665607929229736,0.6571798188874515,,,,0.0002
18,145600,2.791985511779785,0.6331444759206799,,,,0.0002
18,145700,3.076586961746216,0.6039325842696629,,,,0.0002
18,145710,,,3.034703373284501,0.6247911420391706,,
19,145800,2.8165974617004395,0.6251441753171857,,,,0.0002
19,145900,2.6797733306884766,0.6799531066822978,,,,0.0002
19,146000,2.8212225437164307,0.6062424969987995,,,,0.0002
19,146100,2.8276212215423584,0.6482939632545932,,,,0.0002
19,146200,2.7178642749786377,0.6572827417380661,,,,0.0002
19,146300,2.8773131370544434,0.6245110821382008,,,,0.0002
19,146400,2.707552433013916,0.6545226130653267,,,,0.0002
19,146500,2.8314342498779297,0.6355611601513241,,,,0.0002
19,146600,2.713426113128662,0.6469849246231156,,,,0.0002
19,146700,2.7121832370758057,0.6715116279069767,,,,0.0002
19,146800,2.836878776550293,0.6407766990291263,,,,0.0002
19,146900,2.771350860595703,0.641439205955335,,,,0.0002
19,147000,3.009207248687744,0.6012048192771084,,,,0.0002
19,147100,2.678910732269287,0.6438356164383562,,,,0.0002
19,147200,2.5989861488342285,0.6909620991253644,,,,0.0002
19,147300,2.7723982334136963,0.654627539503386,,,,0.0002
19,147400,2.8544020652770996,0.6382978723404256,,,,0.0002
19,147500,2.7801225185394287,0.6323185011709602,,,,0.0002
19,147600,2.593975067138672,0.6875,,,,0.0002
19,147700,2.949772834777832,0.608433734939759,,,,0.0002
19,147800,2.622790813446045,0.6799431009957326,,,,0.0002
19,147900,2.6946048736572266,0.6887686062246279,,,,0.0002
19,148000,2.7646403312683105,0.6463932107496464,,,,0.0002
19,148100,2.8322594165802,0.6562962962962963,,,,0.0002
19,148200,2.6500837802886963,0.6881578947368421,,,,0.0002
19,148300,2.6045279502868652,0.6666666666666666,,,,0.0002
19,148400,2.78973126411438,0.6260657734470159,,,,0.0002
19,148500,2.923903465270996,0.621870882740448,,,,0.0002
19,148600,2.751987934112549,0.6401468788249693,,,,0.0002
19,148700,2.808396816253662,0.6348387096774194,,,,0.0002
19,148800,2.6849825382232666,0.6697388632872504,,,,0.0002
19,148900,2.6105587482452393,0.6885714285714286,,,,0.0002
19,149000,2.752119541168213,0.6345177664974619,,,,0.0002
19,149100,2.8867452144622803,0.6331034482758621,,,,0.0002
19,149200,2.739755630493164,0.6510832383124288,,,,0.0002
19,149300,2.830045700073242,0.6219839142091153,,,,0.0002
19,149400,2.826629161834717,0.6159895150720839,,,,0.0002
19,149500,2.8688015937805176,0.6288156288156288,,,,0.0002
19,149600,2.910247325897217,0.638961038961039,,,,0.0002
19,149700,2.9396309852600098,0.6280087527352297,,,,0.0002
19,149800,2.7575840950012207,0.6438896189224704,,,,0.0002
19,149900,2.559455633163452,0.6895213454075032,,,,0.0002
19,150000,2.908841609954834,0.6160493827160494,,,,0.0002
19,150100,2.7336463928222656,0.672189349112426,,,,0.0002
19,150200,3.0415101051330566,0.5844748858447488,,,,0.0002
19,150300,2.812735080718994,0.6232091690544412,,,,0.0002
19,150400,2.9390854835510254,0.6033057851239669,,,,0.0002
19,150500,2.6642847061157227,0.6805555555555556,,,,0.0002
19,150600,2.71297025680542,0.6642120765832106,,,,0.0002
19,150700,2.9479637145996094,0.6226826608505998,,,,0.0002
19,150800,2.8060832023620605,0.6324324324324324,,,,0.0002
19,150900,2.856980085372925,0.6258503401360545,,,,0.0002
19,151000,2.5874643325805664,0.6987179487179487,,,,0.0002
19,151100,2.7695722579956055,0.6586901763224181,,,,0.0002
19,151200,2.7629027366638184,0.6542553191489362,,,,0.0002
19,151300,2.9468612670898438,0.592944369063772,,,,0.0002
19,151400,2.9028916358947754,0.6327319587628866,,,,0.0002
19,151500,2.6286725997924805,0.68408262454435,,,,0.0002
19,151600,2.787355899810791,0.6229086229086229,,,,0.0002
19,151700,2.782301425933838,0.6587795765877957,,,,0.0002
19,151800,2.8331727981567383,0.6102564102564103,,,,0.0002
19,151900,2.7726211547851562,0.6348484848484849,,,,0.0002
19,152000,2.8411314487457275,0.6301369863013698,,,,0.0002
19,152100,2.7477245330810547,0.6603260869565217,,,,0.0002
19,152200,2.679145336151123,0.6640726329442282,,,,0.0002
19,152300,2.865938663482666,0.6125,,,,0.0002
19,152400,2.657538414001465,0.6651917404129793,,,,0.0002
19,152500,2.8229827880859375,0.6355721393034826,,,,0.0002
19,152600,2.8920984268188477,0.6412121212121212,,,,0.0002
19,152700,2.8922219276428223,0.6220779220779221,,,,0.0002
19,152800,2.6333608627319336,0.6624203821656051,,,,0.0002
19,152900,2.687669277191162,0.6728045325779037,,,,0.0002
19,153000,2.9516849517822266,0.6198453608247423,,,,0.0002
19,153100,2.8935751914978027,0.6240694789081885,,,,0.0002
19,153200,2.993924617767334,0.6247191011235955,,,,0.0002
19,153300,2.8123412132263184,0.6299435028248588,,,,0.0002
19,153400,2.8577523231506348,0.6233766233766234,,,,0.0002
19,153500,2.984466552734375,0.61,,,,0.0002
19,153600,2.864105224609375,0.6504178272980501,,,,0.0002
19,153700,2.721510410308838,0.6768060836501901,,,,0.0002
19,153800,2.841958999633789,0.6235294117647059,,,,0.0002
19,153805,,,3.02796585769398,0.6265845829190598,,
20,153900,2.6588778495788574,0.6447552447552447,,,,0.0002
20,154000,2.5478224754333496,0.6737160120845922,,,,0.0002
20,154100,2.7608444690704346,0.6589041095890411,,,,0.0002
20,154200,2.6607954502105713,0.6840317100792752,,,,0.0002
20,154300,2.7324609756469727,0.6510745891276865,,,,0.0002
20,154400,2.841994285583496,0.6460396039603961,,,,0.0002
20,154500,2.8366003036499023,0.6371571072319202,,,,0.0002
20,154600,2.590024948120117,0.7091633466135459,,,,0.0002
20,154700,2.783756732940674,0.6624203821656051,,,,0.0002
20,154800,2.667844295501709,0.6661585365853658,,,,0.0002
20,154900,2.6685714721679688,0.6726027397260274,,,,0.0002
20,155000,2.8478569984436035,0.638268156424581,,,,0.0002
20,155100,2.834972858428955,0.6533700137551581,,,,0.0002
20,155200,2.767808198928833,0.6407914764079148,,,,0.0002
20,155300,2.7432057857513428,0.6642228739002932,,,,0.0002
20,155400,2.8426403999328613,0.653954802259887,,,,0.0002
20,155500,2.77409291267395,0.6418663303909206,,,,0.0002
20,155600,2.717352867126465,0.680939226519337,,,,0.0002
20,155700,2.755599021911621,0.6300505050505051,,,,0.0002
20,155800,2.683811664581299,0.6639455782312925,,,,0.0002
20,155900,2.7791590690612793,0.6432038834951457,,,,0.0002
20,156000,2.7632761001586914,0.631578947368421,,,,0.0002
20,156100,2.650625467300415,0.6756352765321375,,,,0.0002
20,156200,2.8508801460266113,0.6310013717421125,,,,0.0002
20,156300,2.9303362369537354,0.6206467661691543,,,,0.0002
20,156400,2.762526750564575,0.6590330788804071,,,,0.0002
20,156500,2.812183380126953,0.6293103448275862,,,,0.0002
20,156600,2.6909804344177246,0.6742021276595744,,,,0.0002
20,156700,2.785888671875,0.6392961876832844,,,,0.0002
20,156800,2.931056499481201,0.6149490373725934,,,,0.0002
20,156900,2.687793731689453,0.6521739130434783,,,,0.0002
20,157000,2.792649745941162,0.6395663956639567,,,,0.0002
20,157100,2.8078556060791016,0.662125340599455,,,,0.0002
20,157200,2.644270896911621,0.66015625,,,,0.0002
20,157300,2.7123501300811768,0.649167733674776,,,,0.0002
20,157400,2.648305892944336,0.6766809728183119,,,,0.0002
20,157500,2.796398639678955,0.6662068965517242,,,,0.0002
20,157600,2.5821375846862793,0.6727509778357236,,,,0.0002
20,157700,2.764786720275879,0.6283783783783784,,,,0.0002
20,157800,2.778527021408081,0.6442857142857142,,,,0.0002
20,157900,2.945984363555908,0.6232227488151659,,,,0.0002
20,158000,3.001688003540039,0.6044386422976501,,,,0.0002
20,158100,2.838914632797241,0.6242274412855378,,,,0.0002
20,158200,2.890261173248291,0.6255707762557078,,,,0.0002
20,158300,2.858743667602539,0.6479663394109397,,,,0.0002
20,158400,2.5984177589416504,0.7062228654124457,,,,0.0002
20,158500,2.6754369735717773,0.6840620592383639,,,,0.0002
20,158600,2.8453903198242188,0.6278755074424899,,,,0.0002
20,158700,2.7696433067321777,0.6458333333333334,,,,0.0002
20,158800,2.752103328704834,0.6417525773195877,,,,0.0002
20,158900,2.8207643032073975,0.61625,,,,0.0002
20,159000,2.789598226547241,0.6480446927374302,,,,0.0002
20,159100,2.6916797161102295,0.6755070202808112,,,,0.0002
20,159200,2.8565690517425537,0.632446134347275,,,,0.0002
20,159300,2.736867904663086,0.6603518267929634,,,,0.0002
20,159400,2.8447680473327637,0.6346911957950065,,,,0.0002
20,159500,3.029664993286133,0.5985401459854015,,,,0.0002
20,159600,2.9312217235565186,0.6181592039800995,,,,0.0002
20,159700,3.0544753074645996,0.5916905444126075,,,,0.0002
20,159800,3.0811924934387207,0.6084598698481561,,,,0.0002
20,159900,2.7566699981689453,0.6212319790301442,,,,0.0002
20,160000,2.786587715148926,0.6343490304709142,,,,0.0002
20,160100,2.781693458557129,0.6210892236384704,,,,0.0002
20,160200,2.6437649726867676,0.6863033873343152,,,,0.0002
20,160300,2.818171501159668,0.6257982120051085,,,,0.0002
20,160400,2.8114969730377197,0.6303797468354431,,,,0.0002
20,160500,2.754664897918701,0.6687817258883249,,,,0.0002
20,160600,3.0217792987823486,0.6064171122994653,,,,0.0002
20,160700,2.8599767684936523,0.6322751322751323,,,,0.0002
20,160800,2.9215445518493652,0.595448798988622,,,,0.0002
20,160900,2.815796375274658,0.6255707762557078,,,,0.0002
20,161000,2.8314855098724365,0.6566037735849056,,,,0.0002
20,161100,2.931391477584839,0.6015831134564644,,,,0.0002
20,161200,2.7457480430603027,0.654843110504775,,,,0.0002
20,161300,2.683199167251587,0.6516709511568124,,,,0.0002
20,161400,2.8176283836364746,0.6406869220607662,,,,0.0002
20,161500,3.109198570251465,0.5822485207100592,,,,0.0002
20,161600,2.8015899658203125,0.6257225433526011,,,,0.0002
20,161700,2.734159469604492,0.6572958500669344,,,,0.0002
20,161800,2.78193736076355,0.6440922190201729,,,,0.0002
20,161900,2.9515061378479004,0.594059405940594,,,,0.0002
20,161900,,,3.019224284483473,0.6289340913658711,28.98000569127687,
21,162000,2.661381244659424,0.6586826347305389,,,,0.0002
21,162100,2.58573842048645,0.6885245901639344,,,,0.0002
21,162200,2.6471543312072754,0.6771117166212534,,,,0.0002
21,162300,2.5188465118408203,0.6973865199449794,,,,0.0002
21,162400,2.6822783946990967,0.6693017127799736,,,,0.0002
21,162500,2.7635011672973633,0.6367041198501873,,,,0.0002
21,162600,2.7256791591644287,0.6435768261964736,,,,0.0002
21,162700,2.810192584991455,0.6605633802816901,,,,0.0002
21,162800,2.518522262573242,0.6866566716641679,,,,0.0002
21,162900,2.720935821533203,0.6591549295774648,,,,0.0002
21,163000,2.5422654151916504,0.699055330634278,,,,0.0002
21,163100,2.6704254150390625,0.6700434153400868,,,,0.0002
21,163200,2.8861920833587646,0.6257982120051085,,,,0.0002
21,163300,2.6651744842529297,0.6545189504373178,,,,0.0002
21,163400,3.022360324859619,0.5797933409873708,,,,0.0002
21,163500,2.701554775238037,0.6796116504854369,,,,0.0002
21,163600,2.5729711055755615,0.6810344827586207,,,,0.0002
21,163700,2.638136863708496,0.6752717391304348,,,,0.0002
21,163800,2.6265857219696045,0.6692546583850931,,,,0.0002
21,163900,2.6796884536743164,0.6772486772486772,,,,0.0002
21,164000,2.8098363876342773,0.640218878248974,,,,0.0002
21,164100,2.7796669006347656,0.644718792866941,,,,0.0002
21,164200,2.7996346950531006,0.6468305304010349,,,,0.0002
21,164300,2.6180646419525146,0.6929510155316607,,,,0.0002
21,164400,2.8212127685546875,0.630901287553648,,,,0.0002
21,164500,2.7708020210266113,0.6305125148986889,,,,0.0002
21,164600,2.831918239593506,0.6312056737588653,,,,0.0002
21,164700,2.87270450592041,0.6205128205128205,,,,0.0002
21,164800,2.82446551322937,0.6594387755102041,,,,0.0002
21,164900,2.834139347076416,0.624561403508772,,,,0.0002
21,165000,2.7805051803588867,0.6408114558472554,,,,0.0002
21,165100,2.7714438438415527,0.6287339971550497,,,,0.0002
21,165200,2.736745834350586,0.645326504481434,,,,0.0002
21,165300,2.750018835067749,0.6298200514138818,,,,0.0002
21,165400,2.8555707931518555,0.609271523178808,,,,0.0002
21,165500,2.791090488433838,0.6578599735799208,,,,0.0002
21,165600,2.794846773147583,0.638121546961326,,,,0.0002
21,165700,2.9850034713745117,0.6179624664879356,,,,0.0002
21,165800,2.8257076740264893,0.6479591836734694,,,,0.0002
21,165900,2.755997657775879,0.675177304964539,,,,0.0002
21,166000,2.8131656646728516,0.6315136476426799,,,,0.0002
21,166100,2.762249231338501,0.6336088154269972,,,,0.0002
21,166200,2.962151050567627,0.6354044548651817,,,,0.0002
21,166300,2.6583688259124756,0.6618229854689565,,,,0.0002
21,166400,2.745192527770996,0.6544021024967148,,,,0.0002
21,166500,2.8444340229034424,0.6220858895705521,,,,0.0002
21,166600,2.6830503940582275,0.6583229036295369,,,,0.0002
21,166700,2.948805570602417,0.6102857142857143,,,,0.0002
21,166800,2.8855626583099365,0.6359223300970874,,,,0.0002
21,166900,2.6008639335632324,0.6785714285714286,,,,0.0002
21,167000,2.8863422870635986,0.6305483028720626,,,,0.0002
21,167100,2.903913974761963,0.6265664160401002,,,,0.0002
21,167200,2.636690616607666,0.6816816816816816,,,,0.0002
21,167300,2.8657517433166504,0.6178266178266179,,,,0.0002
21,167400,2.810755729675293,0.6547277936962751,,,,0.0002
21,167500,2.7235474586486816,0.6781609195402298,,,,0.0002
21,167600,2.7776684761047363,0.656516443361754,,,,0.0002
21,167700,2.7512803077697754,0.6544943820224719,,,,0.0002
21,167800,2.790670394897461,0.6450276243093923,,,,0.0002
21,167900,2.7156081199645996,0.6563275434243176,,,,0.0002
21,168000,2.6943211555480957,0.6652542372881356,,,,0.0002
21,168100,2.94069766998291,0.6140979689366786,,,,0.0002
21,168200,2.960017681121826,0.6146682188591386,,,,0.0002
21,168300,2.693631649017334,0.6553459119496855,,,,0.0002
21,168400,2.750244140625,0.6274509803921569,,,,0.0002
21,168500,2.8776464462280273,0.6179138321995464,,,,0.0002
21,168600,2.684898853302002,0.672627235213205,,,,0.0002
21,168700,2.775228977203369,0.6197530864197531,,,,0.0002
21,168800,2.895423650741577,0.6173913043478261,,,,0.0002
21,168900,2.9767894744873047,0.6391752577319587,,,,0.0002
21,169000,2.8667898178100586,0.6260069044879172,,,,0.0002
21,169100,2.724120616912842,0.6413502109704642,,,,0.0002
21,169200,2.823216676712036,0.6348074179743224,,,,0.0002
21,169300,2.7506842613220215,0.6684280052840158,,,,0.0002
21,169400,2.8821730613708496,0.6135770234986945,,,,0.0002
21,169500,2.9390177726745605,0.6118836915297092,,,,0.0002
21,169600,2.863856792449951,0.6401468788249693,,,,0.0002
21,169700,2.789585590362549,0.6407103825136612,,,,0.0002
21,169800,2.874060869216919,0.6405797101449275,,,,0.0002
21,169900,2.878114700317383,0.6283309957924264,,,,0.0002
21,169995,,,3.0136377151548097,0.6305356694230844,,
22,170000,2.583981513977051,0.6899128268991283,,,,0.0002
22,170100,2.6179018020629883,0.6858345021037868,,,,0.0002
22,170200,2.5928215980529785,0.7087053571428571,,,,0.0002
22,170300,2.5761609077453613,0.7037593984962406,,,,0.0002
22,170400,2.8936614990234375,0.6209876543209877,,,,0.0002
22,170500,2.589661121368408,0.6590604026845638,,,,0.0002
22,170600,2.6803336143493652,0.6647058823529411,,,,0.0002
22,170700,2.617861270904541,0.6747159090909091,,,,0.0002
22,170800,2.589595079421997,0.6966618287373004,,,,0.0002
22,170900,2.662154197692871,0.6477683956574186,,,,0.0002
22,171000,2.6773927211761475,0.6622436670687576,,,,0.0002
22,171100,2.5929558277130127,0.6945500633713562,,,,0.0002
22,171200,2.9187653064727783,0.6369426751592356,,,,0.0002
22,171300,2.8457179069519043,0.648124191461837,,,,0.0002
22,171400,2.8038249015808105,0.6567607726597325,,,,0.0002
22,171500,2.6746389865875244,0.6610778443113773,,,,0.0002
22,171600,2.877511978149414,0.6181192660550459,,,,0.0002
22,171700,2.6608314514160156,0.6666666666666666,,,,0.0002
22,171800,2.672722816467285,0.6616231086657497,,,,0.0002
22,171900,2.6526074409484863,0.6890080428954424,,,,0.0002
22,172000,2.7050740718841553,0.6585695006747638,,,,0.0002
22,172100,2.723722219467163,0.6558988764044944,,,,0.0002
22,172200,2.815272569656372,0.6532593619972261,,,,0.0002
22,172300,2.7859697341918945,0.6160830090791181,,,,0.0002
22,172400,2.5970375537872314,0.6811989100817438,,,,0.0002
22,172500,2.8026013374328613,0.6547344110854504,,,,0.0002
22,172600,2.7792584896087646,0.6443569553805775,,,,0.0002
22,172700,2.6899142265319824,0.6616231086657497,,,,0.0002
22,172800,2.5672104358673096,0.6908850726552179,,,,0.0002
22,172900,2.7215728759765625,0.6602475928473177,,,,0.0002
22,173000,2.860682249069214,0.6131578947368421,,,,0.0002
22,173100,2.708296537399292,0.6640419947506562,,,,0.0002
22,173200,2.5980067253112793,0.6968796433878157,,,,0.0002
22,173300,2.590402603149414,0.7019607843137254,,,,0.0002
22,173400,2.724490165710449,0.6392405063291139,,,,0.0002
22,173500,2.722519874572754,0.6488456865127582,,,,0.0002
22,173600,2.818948268890381,0.6602658788774003,,,,0.0002
22,173700,2.7664732933044434,0.6529411764705882,,,,0.0002
22,173800,2.813368558883667,0.6191155492154066,,,,0.0002
22,173900,2.71657395362854,0.6652892561983471,,,,0.0002
22,174000,2.7604212760925293,0.662125340599455,,,,0.0002
22,174100,2.751648426055908,0.6524390243902439,,,,0.0002
22,174200,2.537430763244629,0.6986899563318777,,,,0.0002
22,174300,2.6062142848968506,0.6847090663058186,,,,0.0002
22,174400,2.8073978424072266,0.6580732700135685,,,,0.0002
22,174500,2.7613677978515625,0.6442542787286064,,,,0.0002
22,174600,2.612468719482422,0.6892583120204604,,,,0.0002
22,174700,2.7066357135772705,0.6498559077809798,,,,0.0002
22,174800,2.801100254058838,0.6670822942643392,,,,0.0002
22,174900,2.6736559867858887,0.6772867420349434,,,,0.0002
22,175000,2.6757616996765137,0.6717451523545707,,,,0.0002
22,175100,2.6530656814575195,0.6474258970358814,,,,0.0002
22,175200,2.7218968868255615,0.6526458616010855,,,,0.0002
22,175300,2.6229310035705566,0.6578947368421053,,,,0.0002
22,175400,2.7018282413482666,0.6460055096418733,,,,0.0002
22,175500,2.703904628753662,0.6762860727728983,,,,0.0002
22,175600,2.743842363357544,0.6752136752136753,,,,0.0002
22,175700,2.910269021987915,0.616,,,,0.0002
22,175800,2.871739387512207,0.6296758104738155,,,,0.0002
22,175900,2.6553478240966797,0.6817538896746818,,,,0.0002
22,176000,2.688199520111084,0.6537396121883656,,,,0.0002
22,176100,2.7687909603118896,0.6419270833333334,,,,0.0002
22,176200,2.7164158821105957,0.6658064516129032,,,,0.0002
22,176300,2.76348876953125,0.6301546391752577,,,,0.0002
22,176400,2.887721538543701,0.6242774566473989,,,,0.0002
22,176500,2.6979613304138184,0.6695652173913044,,,,0.0002
22,176600,2.7850964069366455,0.6670902160101652,,,,0.0002
22,176700,2.69618558883667,0.6611195158850227,,,,0.0002
22,176800,2.665743350982666,0.684863523573201,,,,0.0002
22,176900,2.924750328063965,0.6228710462287105,,,,0.0002
22,177000,2.9794487953186035,0.5959731543624162,,,,0.0002
22,177100,2.798109531402588,0.64875,,,,0.0002
22,177200,2.829340934753418,0.6223118279569892,,,,0.0002
22,177300,2.8598318099975586,0.6316489361702128,,,,0.0002
22,177400,2.877929925918579,0.6284953395472703,,,,0.0002
22,177500,2.6793742179870605,0.6608946608946609,,,,0.0002
22,177600,2.651519775390625,0.6495132127955494,,,,0.0002
22,177700,3.002315044403076,0.586248492159228,,,,0.0002
22,177800,2.88043212890625,0.6407506702412868,,,,0.0002
22,177900,2.8439478874206543,0.6412903225806451,,,,0.0002
22,178000,2.8321011066436768,0.6329787234042553,,,,0.0002
22,178090,,,3.007222538638309,0.6319741800900917,,
23,178100,2.554105758666992,0.667060212514758,,,,0.0002
23,178200,2.6196436882019043,0.664886515353805,,,,0.0002
23,178300,2.5062003135681152,0.7209612817089452,,,,0.0002
23,178400,2.8636245727539062,0.6198044009779952,,,,0.0002
23,178500,2.664013385772705,0.6620305980528511,,,,0.0002
23,178600,2.6975960731506348,0.6416893732970027,,,,0.0002
23,178700,2.629821538925171,0.6658195679796697,,,,0.0002
23,178800,2.7346668243408203,0.6575716234652115,,,,0.0002
23,178900,2.7472705841064453,0.6424870466321243,,,,0.0002
23,179000,2.746066093444824,0.6557823129251701,,,,0.0002
23,179100,2.532219409942627,0.6812585499316005,,,,0.0002
23,179200,2.588613510131836,0.6812297734627831,,,,0.0002
23,179300,2.7500293254852295,0.6566037735849056,,,,0.0002
23,179400,2.611072063446045,0.6876606683804627,,,,0.0002
23,179500,2.7405478954315186,0.6791569086651054,,,,0.0002
23,179600,2.571824550628662,0.6781456953642384,,,,0.0002
23,179700,2.7619757652282715,0.6641883519206939,,,,0.0002
23,179800,2.7041964530944824,0.6510791366906474,,,,0.0002
23,179900,2.656264305114746,0.655266757865937,,,,0.0002
23,180000,2.610649347305298,0.6828929068150209,,,,0.0002
23,180100,2.870927333831787,0.6272493573264781,,,,0.0002
23,180200,2.825129747390747,0.6334661354581673,,,,0.0002
23,180300,2.842276096343994,0.6129032258064516,,,,0.0002
23,180400,2.7961392402648926,0.6543837357052097,,,,0.0002
23,180500,2.834592580795288,0.6258907363420427,,,,0.0002
23,180600,2.7484097480773926,0.6363636363636364,,,,0.0002
23,180700,2.705474853515625,0.6608040201005025,,,,0.0002
23,180800,2.7717084884643555,0.6567505720823799,,,,0.0002
23,180900,2.6735153198242188,0.680998613037448,,,,0.0002
23,181000,2.681211233139038,0.6646706586826348,,,,0.0002
23,181100,2.6763203144073486,0.6745005875440658,,,,0.0002
23,181200,2.707118511199951,0.6540962288686606,,,,0.0002
23,181300,2.684993267059326,0.6703755215577191,,,,0.0002
23,181400,2.635334014892578,0.6923076923076923,,,,0.0002
23,181500,2.6928510665893555,0.661188369152971,,,,0.0002
23,181600,2.7303671836853027,0.6642228739002932,,,,0.0002
23,181700,2.666375160217285,0.6661951909476662,,,,0.0002
23,181800,2.6739981174468994,0.6542893725992317,,,,0.0002
23,181900,2.817629337310791,0.634453781512605,,,,0.0002
23,182000,2.665149688720703,0.6636500754147813,,,,0.0002
23,182100,2.702498435974121,0.6638141809290954,,,,0.0002
23,182200,2.796875,0.6292613636363636,,,,0.0002
23,182300,2.64707088470459,0.6707482993197279,,,,0.0002
23,182400,2.741103172302246,0.6425591098748261,,,,0.0002
23,182500,2.795142889022827,0.6289707750952986,,,,0.0002
23,182600,2.810861349105835,0.6396396396396397,,,,0.0002
23,182700,2.7461514472961426,0.647887323943662,,,,0.0002
23,182800,2.7545647621154785,0.637065637065637,,,,0.0002
23,182900,2.7703957557678223,0.6549391069012178,,,,0.0002
23,183000,2.6868486404418945,0.6662546353522868,,,,0.0002
23,183100,2.914605140686035,0.6193724420190996,,,,0.0002
23,183200,2.7271533012390137,0.649645390070922,,,,0.0002
23,183300,2.718149185180664,0.6466753585397653,,,,0.0002
23,183400,2.7764410972595215,0.6160714285714286,,,,0.0002
23,183500,2.7597320079803467,0.6502923976608187,,,,0.0002
23,183600,2.620662212371826,0.6915887850467289,,,,0.0002
23,183700,2.5947413444519043,0.6740638002773925,,,,0.0002
23,183800,2.714179515838623,0.6675,,,,0.0002
23,183900,2.9403343200683594,0.6177325581395349,,,,0.0002
23,184000,2.7734169960021973,0.6363636363636364,,,,0.0002
23,184100,2.8174691200256348,0.6226851851851852,,,,0.0002
23,184200,2.8030030727386475,0.6529338327091136,,,,0.0002
23,184300,2.901020050048828,0.6095808383233533,,,,0.0002
23,184400,2.764007568359375,0.6550925925925926,,,,0.0002
23,184500,2.7838544845581055,0.6409537166900421,,,,0.0002
23,184600,2.804678440093994,0.647226173541963,,,,0.0002
23,184700,2.846085786819458,0.6460396039603961,,,,0.0002
23,184800,2.6164770126342773,0.6830409356725147,,,,0.0002
23,184900,2.8970837593078613,0.6254545454545455,,,,0.0002
23,185000,2.8325228691101074,0.6378896882494005,,,,0.0002
23,185100,2.8004441261291504,0.6237172177879133,,,,0.0002
23,185200,2.8932526111602783,0.6231386025200458,,,,0.0002
23,185300,2.9361348152160645,0.6337285902503293,,,,0.0002
23,185400,2.8274941444396973,0.617300131061599,,,,0.0002
23,185500,2.9272971153259277,0.6447761194029851,,,,0.0002
23,185600,2.8298473358154297,0.6395511921458625,,,,0.0002
23,185700,2.7195024490356445,0.651872399445215,,,,0.0002
23,185800,2.7578365802764893,0.662004662004662,,,,0.0002
23,185900,2.754990339279175,0.630527817403709,,,,0.0002
23,186000,2.910125732421875,0.6160714285714286,,,,0.0002
23,186100,2.7775721549987793,0.6574519230769231,,,,0.0002
23,186185,,,2.9989516277113393,0.6334040798945046,,
24,186200,2.706324815750122,0.6608594657375145,,,,0.0002
24,186300,2.6560702323913574,0.6689098250336474,,,,0.0002
24,186400,2.652792453765869,0.6843501326259946,,,,0.0002
24,186500,2.6888980865478516,0.6548780487804878,,,,0.0002
24,186600,2.465787172317505,0.7196969696969697,,,,0.0002
24,186700,2.958472728729248,0.6148055207026348,,,,0.0002
24,186800,2.646028995513916,0.676039119804401,,,,0.0002
24,186900,2.5928640365600586,0.6967213114754098,,,,0.0002
24,187000,2.6037776470184326,0.6880222841225627,,,,0.0002
24,187100,2.6883420944213867,0.6824408468244084,,,,0.0002
24,187200,2.7978620529174805,0.6418439716312057,,,,0.0002
24,187300,2.7990615367889404,0.623448275862069,,,,0.0002
24,187400,2.6997547149658203,0.6725403817914831,,,,0.0002
24,187500,2.6927971839904785,0.669260700389105,,,,0.0002
24,187600,2.6383771896362305,0.6768617021276596,,,,0.0002
24,187700,2.6594815254211426,0.6513317191283293,,,,0.0002
24,187800,2.7195041179656982,0.6579710144927536,,,,0.0002
24,187900,2.622530937194824,0.6836581709145427,,,,0.0002
24,188000,2.7096850872039795,0.6452742123687282,,,,0.0002
24,188100,2.797227382659912,0.6366630076838639,,,,0.0002
24,188200,2.6415867805480957,0.679136690647482,,,,0.0002
24,188300,2.6707749366760254,0.6872309899569584,,,,0.0002
24,188400,2.7362146377563477,0.6237864077669902,,,,0.0002
24,188500,2.6878514289855957,0.6656976744186046,,,,0.0002
24,188600,2.6093783378601074,0.6656394453004623,,,,0.0002
24,188700,2.621185541152954,0.6863013698630137,,,,0.0002
24,188800,2.64752459526062,0.6737907761529809,,,,0.0002
24,188900,2.7856485843658447,0.6488833746898263,,,,0.0002
24,189000,2.840538263320923,0.6202046035805626,,,,0.0002
24,189100,2.6825060844421387,0.6637806637806638,,,,0.0002
24,189200,2.82724928855896,0.6196682464454977,,,,0.0002
24,189300,2.7466912269592285,0.6425061425061425,,,,0.0002
24,189400,2.827680826187134,0.6379084967320261,,,,0.0002
24,189500,2.789100170135498,0.6413043478260869,,,,0.0002
24,189600,2.589754819869995,0.6777645659928656,,,,0.0002
24,189700,2.678356885910034,0.6621803499327052,,,,0.0002
24,189800,2.5990285873413086,0.6842105263157895,,,,0.0002
24,189900,2.8616199493408203,0.6131774707757705,,,,0.0002
24,190000,2.7168755531311035,0.6822429906542056,,,,0.0002
24,190100,2.775587320327759,0.65625,,,,0.0002
24,190200,2.8184919357299805,0.621301775147929,,,,0.0002
24,190300,2.7211313247680664,0.6421636615811374,,,,0.0002
24,190400,2.7224013805389404,0.6556543837357052,,,,0.0002
24,190500,2.5632009506225586,0.7052469135802469,,,,0.0002
24,190600,2.8384852409362793,0.6071005917159763,,,,0.0002
24,190700,2.859495162963867,0.6241685144124168,,,,0.0002
24,190800,2.778027296066284,0.6277915632754343,,,,0.0002
24,190900,2.6932833194732666,0.6594516594516594,,,,0.0002
24,191000,2.8330516815185547,0.6373626373626373,,,,0.0002
24,191100,2.9908814430236816,0.5796460176991151,,,,0.0002
24,191200,2.79226016998291,0.6514285714285715,,,,0.0002
24,191300,2.807102680206299,0.6491620111731844,,,,0.0002
24,191400,2.6998865604400635,0.6645264847512039,,,,0.0002
24,191500,2.7814903259277344,0.64,,,,0.0002
24,191600,2.8190150260925293,0.6409155937052933,,,,0.0002
24,191700,2.7257943153381348,0.6531942633637549,,,,0.0002
24,191800,2.84969425201416,0.634207240948814,,,,0.0002
24,191900,2.7731552124023438,0.6480836236933798,,,,0.0002
24,192000,2.80441951751709,0.6583769633507853,,,,0.0002
24,192100,2.7577500343322754,0.6360052562417872,,,,0.0002
24,192200,2.6835741996765137,0.6736842105263158,,,,0.0002
24,192300,2.65674090385437,0.6619718309859155,,,,0.0002
24,192400,2.727315902709961,0.6551724137931034,,,,0.0002
24,192500,2.753835678100586,0.64,,,,0.0002
24,192600,2.836333751678467,0.624441132637854,,,,0.0002
24,192700,2.639624834060669,0.6807228915662651,,,,0.0002
24,192800,2.9543938636779785,0.6002928257686676,,,,0.0002
24,192900,2.7198715209960938,0.648721399730821,,,,0.0002
24,193000,2.6802685260772705,0.6697860962566845,,,,0.0002
24,193100,2.8533761501312256,0.6417910447761194,,,,0.0002
24,193200,2.818969249725342,0.6538461538461539,,,,0.0002
24,193300,2.8968725204467773,0.6220472440944882,,,,0.0002
24,193400,2.8247244358062744,0.6568364611260054,,,,0.0002
24,193500,2.680420398712158,0.6957787481804949,,,,0.0002
24,193600,2.6555228233337402,0.6717171717171717,,,,0.0002
24,193700,2.8950858116149902,0.6116883116883117,,,,0.0002
24,193800,2.7703919410705566,0.6286438529784537,,,,0.0002
24,193900,2.8547842502593994,0.664364640883978,,,,0.0002
24,194000,2.876680374145508,0.6220570012391574,,,,0.0002
24,194100,2.862384796142578,0.6283950617283951,,,,0.0002
24,194200,2.622626781463623,0.6773255813953488,,,,0.0002
24,194280,,,2.9956202110811216,0.6341614939009693,,
25,194300,2.622394561767578,0.6859623733719248,,,,0.0002
25,194400,2.661040782928467,0.6736990154711674,,,,0.0002
25,194500,2.691774606704712,0.6703910614525139,,,,0.0002
25,194600,2.6710901260375977,0.6853503184713375,,,,0.0002
25,194700,2.6099889278411865,0.6813186813186813,,,,0.0002
25,194800,2.564610242843628,0.6882276843467011,,,,0.0002
25,194900,2.6725106239318848,0.6723684210526316,,,,0.0002
25,195000,2.6218671798706055,0.6860158311345647,,,,0.0002
25,195100,2.6656863689422607,0.6492146596858639,,,,0.0002
25,195200,2.6979870796203613,0.6547911547911548,,,,0.0002
25,195300,2.7485828399658203,0.6462093862815884,,,,0.0002
25,195400,2.9301559925079346,0.6102150537634409,,,,0.0002
25,195500,2.765606164932251,0.6472972972972973,,,,0.0002
25,195600,2.623253345489502,0.6736292428198434,,,,0.0002
25,195700,2.653693675994873,0.6585365853658537,,,,0.0002
25,195800,2.621413230895996,0.6671001300390117,,,,0.0002
25,195900,2.662588119506836,0.6836734693877551,,,,0.0002
25,196000,2.6204538345336914,0.661498708010336,,,,0.0002
25,196100,2.710871696472168,0.6752503576537912,,,,0.0002
25,196200,2.670942544937134,0.6857506361323156,,,,0.0002
25,196300,2.7704081535339355,0.6348387096774194,,,,0.0002
25,196400,2.5408759117126465,0.6965811965811965,,,,0.0002
25,196500,2.6739869117736816,0.6677454153182308,,,,0.0002
25,196600,2.913060426712036,0.6243589743589744,,,,0.0002
25,196700,2.5002970695495605,0.7059748427672956,,,,0.0002
25,196800,2.5368568897247314,0.702865761689291,,,,0.0002
25,196900,2.613368272781372,0.6641337386018237,,,,0.0002
25,197000,2.684666395187378,0.6620879120879121,,,,0.0002
25,197100,2.5201683044433594,0.7232796486090776,,,,0.0002
25,197200,2.807061195373535,0.6271870794078062,,,,0.0002
25,197300,2.6152734756469727,0.6680384087791496,,,,0.0002
25,197400,2.808833122253418,0.6443941109852774,,,,0.0002
25,197500,2.50890851020813,0.7195121951219512,,,,0.0002
25,197600,2.5932610034942627,0.68140589569161,,,,0.0002
25,197700,2.755328416824341,0.6524064171122995,,,,0.0002
25,197800,2.589085578918457,0.6875,,,,0.0002
25,197900,2.7385382652282715,0.655217965653897,,,,0.0002
25,198000,2.785019874572754,0.6396276595744681,,,,0.0002
25,198100,2.761666774749756,0.658465991316932,,,,0.0002
25,198200,2.6973466873168945,0.6509433962264151,,,,0.0002
25,198300,2.6264102458953857,0.6626344086021505,,,,0.0002
25,198400,2.767965078353882,0.6432964329643296,,,,0.0002
25,198500,2.7768592834472656,0.6486146095717884,,,,0.0002
25,198600,2.6615495681762695,0.6829268292682927,,,,0.0002
25,198700,2.6102375984191895,0.6767537826685007,,,,0.0002
25,198800,2.869342803955078,0.632,,,,0.0002
25,198900,2.6337618827819824,0.6988416988416989,,,,0.0002
25,199000,2.6408889293670654,0.6535031847133758,,,,0.0002
25,199100,2.783754348754883,0.6375838926174496,,,,0.0002
25,199200,2.7670719623565674,0.6492637215528781,,,,0.0002
25,199300,2.693739652633667,0.6565533980582524,,,,0.0002
25,199400,2.990656852722168,0.6065934065934065,,,,0.0002
25,199500,2.7465293407440186,0.6470588235294118,,,,0.0002
25,199600,2.735650062561035,0.6483103879849812,,,,0.0002
25,199700,2.699986457824707,0.6645865834633385,,,,0.0002
25,199800,2.8410565853118896,0.6411917098445595,,,,0.0002
25,199900,2.751102924346924,0.6421319796954315,,,,0.0002
25,200000,2.7699828147888184,0.6568758344459279,,,,0.0002
25,200100,2.912792205810547,0.6135321100917431,,,,0.0002
25,200200,2.8113198280334473,0.6348167539267016,,,,0.0002
25,200300,2.688180685043335,0.6676258992805756,,,,0.0002
25,200400,2.862400531768799,0.6359393232205367,,,,0.0002
25,200500,2.7225899696350098,0.6737891737891738,,,,0.0002
25,200600,2.5796196460723877,0.6811594202898551,,,,0.0002
25,200700,2.5478122234344482,0.7026627218934911,,,,0.0002
25,200800,2.640377998352051,0.6864728192161821,,,,0.0002
25,200900,2.750845432281494,0.6507936507936508,,,,0.0002
25,201000,2.6527585983276367,0.6687422166874222,,,,0.0002
25,201100,2.647838592529297,0.6686131386861314,,,,0.0002
25,201200,2.7158660888671875,0.6674757281553398,,,,0.0002
25,201300,2.75418758392334,0.6411837237977805,,,,0.0002
25,201400,2.706608295440674,0.6591981132075472,,,,0.0002
25,201500,2.868858814239502,0.6293888166449935,,,,0.0002
25,201600,2.860947847366333,0.65375,,,,0.0002
25,201700,2.5548503398895264,0.696165191740413,,,,0.0002
25,201800,2.816744804382324,0.6362359550561798,,,,0.0002
25,201900,2.752683162689209,0.64,,,,0.0002
25,202000,2.8414297103881836,0.6309362279511533,,,,0.0002
25,202100,3.0341572761535645,0.5995085995085995,,,,0.0002
25,202200,2.8480730056762695,0.6207759699624531,,,,0.0002
25,202300,2.77317214012146,0.6409952606635071,,,,0.0002
25,202375,,,2.9877221744607296,0.6359374175220017,30.18037473263263,
26,202400,2.565915584564209,0.7022556390977444,,,,0.0002
26,202500,2.5123443603515625,0.7098265895953757,,,,0.0002
26,202600,2.7337417602539062,0.6361185983827493,,,,0.0002
26,202700,2.6758317947387695,0.6454293628808865,,,,0.0002
26,202800,2.5734543800354004,0.6743589743589744,,,,0.0002
26,202900,2.6538195610046387,0.6697736351531292,,,,0.0002
26,203000,2.621417760848999,0.6645244215938303,,,,0.0002
26,203100,2.596071243286133,0.6791237113402062,,,,0.0002
26,203200,2.403073787689209,0.741514360313316,,,,0.0002
26,203300,2.6214489936828613,0.6767241379310345,,,,0.0002
26,203400,2.4524385929107666,0.716358839050132,,,,0.0002
26,203500,2.566124200820923,0.6787974683544303,,,,0.0002
26,203600,2.5490403175354004,0.7083926031294452,,,,0.0002
26,203700,2.6633405685424805,0.6868811881188119,,,,0.0002
26,203800,2.6837222576141357,0.6601049868766404,,,,0.0002
26,203900,2.5850038528442383,0.6990679094540613,,,,0.0002
26,204000,2.5249764919281006,0.6866666666666666,,,,0.0002
26,204100,2.6312971115112305,0.6906077348066298,,,,0.0002
26,204200,2.5750112533569336,0.6913746630727763,,,,0.0002
26,204300,2.7102456092834473,0.6583769633507853,,,,0.0002
26,204400,2.7010514736175537,0.6613102595797281,,,,0.0002
26,204500,2.658155679702759,0.6801661474558671,,,,0.0002
26,204600,2.6017308235168457,0.692,,,,0.0002
26,204700,2.7242894172668457,0.6611764705882353,,,,0.0002
26,204800,2.6605522632598877,0.6658354114713217,,,,0.0002
26,204900,2.6951770782470703,0.6518624641833811,,,,0.0002
26,205000,2.633291721343994,0.6834437086092715,,,,0.0002
26,205100,2.743295669555664,0.6584415584415585,,,,0.0002
26,205200,2.804593086242676,0.6285377358490566,,,,0.0002
26,205300,2.9068784713745117,0.6138165345413363,,,,0.0002
26,205400,2.7872138023376465,0.6592119275825347,,,,0.0002
26,205500,2.594672679901123,0.6713197969543148,,,,0.0002
26,205600,2.8256068229675293,0.6314363143631436,,,,0.0002
26,205700,2.7181754112243652,0.6512455516014235,,,,0.0002
26,205800,2.637188673019409,0.6886912325285895,,,,0.0002
26,205900,2.680184841156006,0.6555555555555556,,,,0.0002
26,206000,2.607672691345215,0.6784741144414169,,,,0.0002
26,206100,2.639507293701172,0.6622807017543859,,,,0.0002
26,206200,2.5370731353759766,0.7035971223021583,,,,0.0002
26,206300,2.7788796424865723,0.6396761133603239,,,,0.0002
26,206400,2.7984681129455566,0.6283185840707964,,,,0.0002
26,206500,2.7169888019561768,0.6408163265306123,,,,0.0002
26,206600,2.700854778289795,0.6553524804177546,,,,0.0002
26,206700,2.761898994445801,0.6502994011976048,,,,0.0002
26,206800,2.671424388885498,0.6608910891089109,,,,0.0002
26,206900,2.8257462978363037,0.6437718277066357,,,,0.0002
26,207000,2.738359212875366,0.6562107904642409,,,,0.0002
26,207100,2.7956223487854004,0.6351875808538163,,,,0.0002
26,207200,2.6872944831848145,0.6722488038277512,,,,0.0002
26,207300,2.59122371673584,0.6813031161473088,,,,0.0002
26,207400,2.8162460327148438,0.6156670746634026,,,,0.0002
26,207500,2.6805260181427,0.6718972895863052,,,,0.0002
26,207600,2.6155593395233154,0.6814044213263979,,,,0.0002
26,207700,2.688579559326172,0.6521164021164021,,,,0.0002
26,207800,2.595189094543457,0.6836461126005362,,,,0.0002
26,207900,2.625051498413086,0.6626984126984127,,,,0.0002
26,208000,2.694751262664795,0.648062015503876,,,,0.0002
26,208100,2.797832727432251,0.6264744429882044,,,,0.0002
26,208200,2.7255008220672607,0.6685006877579092,,,,0.0002
26,208300,2.7505927085876465,0.6488439306358381,,,,0.0002
26,208400,2.916548728942871,0.6183644189383071,,,,0.0002
26,208500,2.644279718399048,0.6817129629629629,,,,0.0002
26,208600,2.888336181640625,0.6172539489671932,,,,0.0002
26,208700,2.6671905517578125,0.6625,,,,0.0002
26,208800,2.684828281402588,0.6650426309378806,,,,0.0002
26,208900,2.638960838317871,0.6640127388535032,,,,0.0002
26,209000,2.824683666229248,0.6227064220183486,,,,0.0002
26,209100,2.553971529006958,0.6930555555555555,,,,0.0002
26,209200,2.8064732551574707,0.6469849246231156,,,,0.0002
26,209300,2.8176732063293457,0.6452442159383034,,,,0.0002
26,209400,2.7460150718688965,0.6362530413625304,,,,0.0002
26,209500,2.539724349975586,0.6949640287769784,,,,0.0002
26,209600,2.9397451877593994,0.6241699867197875,,,,0.0002
26,209700,2.741671085357666,0.6421319796954315,,,,0.0002
26,209800,2.632509231567383,0.6533333333333333,,,,0.0002
26,209900,2.7715015411376953,0.6454802259887006,,,,0.0002
26,210000,2.7943177223205566,0.6326291079812206,,,,0.0002
26,210100,2.809330463409424,0.6289893617021277,,,,0.0002
26,210200,2.553694009780884,0.6948717948717948,,,,0.0002
26,210300,2.8682403564453125,0.6266506602641057,,,,0.0002
26,210400,2.696230411529541,0.6737841043890866,,,,0.0002
26,210470,,,2.981378102885414,0.6365448376478862,,
27,210500,2.7048282623291016,0.6560509554140127,,,,0.0002
27,210600,2.642669439315796,0.6662721893491125,,,,0.0002
27,210700,2.5640764236450195,0.698159509202454,,,,0.0002
27,210800,2.514235496520996,0.7027379400260756,,,,0.0002
27,210900,2.6156063079833984,0.6793893129770993,,,,0.0002
27,211000,2.7118027210235596,0.6324503311258278,,,,0.0002
27,211100,2.685119152069092,0.6755994358251057,,,,0.0002
27,211200,2.519754409790039,0.7182175622542595,,,,0.0002
27,211300,2.624593734741211,0.6881578947368421,,,,0.0002
27,211400,2.6118085384368896,0.6356877323420075,,,,0.0002
27,211500,2.670126438140869,0.6284584980237155,,,,0.0002
27,211600,2.6742587089538574,0.6735253772290809,,,,0.0002
27,211700,2.7535929679870605,0.6423076923076924,,,,0.0002
27,211800,2.6129279136657715,0.6900921658986175,,,,0.0002
27,211900,2.6334829330444336,0.6666666666666666,,,,0.0002
27,212000,2.7251546382904053,0.6505312868949232,,,,0.0002
27,212100,2.5672812461853027,0.7091454272863568,,,,0.0002
27,212200,2.5389485359191895,0.7020725388601037,,,,0.0002
27,212300,2.662186622619629,0.6936488169364882,,,,0.0002
27,212400,2.694939613342285,0.6724137931034483,,,,0.0002
27,212500,2.657923698425293,0.6714100905562742,,,,0.0002
27,212600,2.8564839363098145,0.6229116945107399,,,,0.0002
27,212700,2.8586721420288086,0.6382978723404256,,,,0.0002
27,212800,2.6479601860046387,0.6756465517241379,,,,0.0002
27,212900,2.627687931060791,0.6734143049932524,,,,0.0002
27,213000,2.727656126022339,0.6498194945848376,,,,0.0002
27,213100,2.6385974884033203,0.6822660098522167,,,,0.0002
27,213200,2.8244364261627197,0.6342925659472423,,,,0.0002
27,213300,2.686552047729492,0.6553846153846153,,,,0.0002
27,213400,2.639977216720581,0.6852300242130751,,,,0.0002
27,213500,2.729125499725342,0.6501416430594901,,,,0.0002
27,213600,2.687696933746338,0.67875,,,,0.0002
27,213700,2.7380268573760986,0.6590909090909091,,,,0.0002
27,213800,2.621286630630493,0.6734972677595629,,,,0.0002
27,213900,2.5071377754211426,0.702013422818792,,,,0.0002
27,214000,2.684648036956787,0.6716826265389877,,,,0.0002
27,214100,2.6360015869140625,0.6882352941176471,,,,0.0002
27,214200,2.840794801712036,0.6271676300578035,,,,0.0002
27,214300,2.8637146949768066,0.6302616609783845,,,,0.0002
27,214400,2.7737436294555664,0.6318681318681318,,,,0.0002
27,214500,2.66019606590271,0.6865671641791045,,,,0.0002
27,214600,2.6220102310180664,0.6745435016111708,,,,0.0002
27,214700,2.8198070526123047,0.6450617283950617,,,,0.0002
27,214800,2.634779930114746,0.6769025367156208,,,,0.0002
27,214900,2.697625160217285,0.6648275862068965,,,,0.0002
27,215000,2.650027275085449,0.6707920792079208,,,,0.0002
27,215100,2.6243858337402344,0.6643929058663028,,,,0.0002
27,215200,2.7108564376831055,0.6630170316301703,,,,0.0002
27,215300,2.8449301719665527,0.6276041666666666,,,,0.0002
27,215400,2.6797878742218018,0.668552036199095,,,,0.0002
27,215500,2.5347814559936523,0.6915032679738562,,,,0.0002
27,215600,2.6687705516815186,0.6747967479674797,,,,0.0002
27,215700,2.687009572982788,0.6611111111111111,,,,0.0002
27,215800,2.7135090827941895,0.6448019801980198,,,,0.0002
27,215900,2.693242073059082,0.6556291390728477,,,,0.0002
27,216000,2.6363563537597656,0.6797546012269938,,,,0.0002
27,216100,2.6635994911193848,0.6557377049180327,,,,0.0002
27,216200,2.573370933532715,0.6977950713359273,,,,0.0002
27,216300,2.7192492485046387,0.649025069637883,,,,0.0002
27,216400,2.7154812812805176,0.6666666666666666,,,,0.0002
27,216500,2.7388508319854736,0.6395663956639567,,,,0.0002
27,216600,2.74302339553833,0.6546854942233633,,,,0.0002
27,216700,2.7395834922790527,0.6715686274509803,,,,0.0002
27,216800,2.5313663482666016,0.7004889975550123,,,,0.0002
27,216900,2.6116409301757812,0.695322376738306,,,,0.0002
27,217000,2.415675163269043,0.7167883211678832,,,,0.0002
27,217100,2.531141757965088,0.6987620357634112,,,,0.0002
27,217200,2.609076499938965,0.6803394625176803,,,,0.0002
27,217300,2.777855396270752,0.6546583850931676,,,,0.0002
27,217400,2.676410675048828,0.6579925650557621,,,,0.0002
27,217500,2.7285120487213135,0.662015503875969,,,,0.0002
27,217600,2.704014539718628,0.6616022099447514,,,,0.0002
27,217700,2.7778873443603516,0.6424731182795699,,,,0.0002
27,217800,2.6164679527282715,0.6980830670926518,,,,0.0002
27,217900,2.7099361419677734,0.6533333333333333,,,,0.0002
27,218000,2.7396292686462402,0.6431095406360424,,,,0.0002
27,218100,2.594799757003784,0.6834239130434783,,,,0.0002
27,218200,2.9217653274536133,0.6228287841191067,,,,0.0002
27,218300,2.8331828117370605,0.648493543758967,,,,0.0002
27,218400,2.4745097160339355,0.7320359281437125,,,,0.0002
27,218500,2.8830103874206543,0.6131479140328698,,,,0.0002
27,218565,,,2.980750696623006,0.6378393578374161,,
28,218600,2.561500072479248,0.6801242236024845,,,,0.0002
28,218700,2.5283966064453125,0.6897001303780965,,,,0.0002
28,218800,2.6285152435302734,0.6695156695156695,,,,0.0002
28,218900,2.3854870796203613,0.7276720351390923,,,,0.0002
28,219000,2.657771587371826,0.6624685138539043,,,,0.0002
28,219100,2.626769781112671,0.6464088397790055,,,,0.0002
28,219200,2.466212272644043,0.7172312223858616,,,,0.0002
28,219300,2.7368004322052,0.6721311475409836,,,,0.0002
28,219400,2.5383188724517822,0.6770963704630788,,,,0.0002
28,219500,2.5824837684631348,0.6751592356687898,,,,0.0002
28,219600,2.8133318424224854,0.6281094527363185,,,,0.0002
28,219700,2.667311668395996,0.6551264980026631,,,,0.0002
28,219800,2.443082571029663,0.690625,,,,0.0002
28,219900,2.7225136756896973,0.6442185514612452,,,,0.0002
28,220000,2.706636905670166,0.6511299435028248,,,,0.0002
28,220100,2.7712435722351074,0.6400996264009963,,,,0.0002
28,220200,2.7495977878570557,0.6439942112879884,,,,0.0002
28,220300,2.795067310333252,0.630173564753004,,,,0.0002
28,220400,2.570590019226074,0.6819371727748691,,,,0.0002
28,220500,2.8856282234191895,0.6329284750337382,,,,0.0002
28,220600,2.717876434326172,0.6644113667117727,,,,0.0002
28,220700,2.794309616088867,0.6502403846153846,,,,0.0002
28,220800,2.657470226287842,0.6711656441717792,,,,0.0002
28,220900,2.698831081390381,0.6560587515299877,,,,0.0002
28,221000,2.788450002670288,0.6319648093841642,,,,0.0002
28,221100,2.5694425106048584,0.683311432325887,,,,0.0002
28,221200,2.6381824016571045,0.6484018264840182,,,,0.0002
28,221300,2.540349245071411,0.6971736204576043,,,,0.0002
28,221400,2.6708173751831055,0.6499356499356499,,,,0.0002
28,221500,2.5130109786987305,0.7095541401273885,,,,0.0002
28,221600,2.7080001831054688,0.6456009913258984,,,,0.0002
28,221700,2.703183650970459,0.6411192214111923,,,,0.0002
28,221800,2.786324977874756,0.6452830188679245,,,,0.0002
28,221900,2.6929755210876465,0.6574585635359116,,,,0.0002
28,222000,2.6331872940063477,0.6564774381368268,,,,0.0002
28,222100,2.613133430480957,0.6762402088772846,,,,0.0002
28,222200,2.66756534576416,0.6532137518684604,,,,0.0002
28,222300,2.6274123191833496,0.6651515151515152,,,,0.0002
28,222400,2.5919926166534424,0.6783707865168539,,,,0.0002
28,222500,2.641166925430298,0.6821192052980133,,,,0.0002
28,222600,2.632855176925659,0.6765119549929677,,,,0.0002
28,222700,2.606802463531494,0.6720116618075802,,,,0.0002
28,222800,2.740169048309326,0.6595460614152203,,,,0.0002
28,222900,2.832150459289551,0.643908969210174,,,,0.0002
28,223000,2.752878189086914,0.6614509246088194,,,,0.0002
28,223100,2.5171055793762207,0.6858054226475279,,,,0.0002
28,223200,2.6672613620758057,0.672463768115942,,,,0.0002
28,223300,2.6532254219055176,0.6689419795221843,,,,0.0002
28,223400,2.589566230773926,0.66875,,,,0.0002
28,223500,2.590705633163452,0.6858190709046454,,,,0.0002
28,223600,2.7278542518615723,0.6282225237449118,,,,0.0002
28,223700,2.654604434967041,0.6670870113493065,,,,0.0002
28,223800,2.6620707511901855,0.6662106703146374,,,,0.0002
28,223900,2.635521411895752,0.6756352765321375,,,,0.0002
28,224000,2.691594362258911,0.6396895787139689,,,,0.0002
28,224100,2.644103527069092,0.6967213114754098,,,,0.0002
28,224200,2.634690284729004,0.6675977653631285,,,,0.0002
28,224300,2.7677485942840576,0.675,,,,0.0002
28,224400,2.642164707183838,0.6914212548015365,,,,0.0002
28,224500,2.586580276489258,0.6921985815602837,,,,0.0002
28,224600,2.787734270095825,0.643048128342246,,,,0.0002
28,224700,2.7876858711242676,0.6571056062581486,,,,0.0002
28,224800,2.6687850952148438,0.6894484412470024,,,,0.0002
28,224900,2.6346921920776367,0.6631736526946108,,,,0.0002
28,225000,2.706605911254883,0.6444141689373297,,,,0.0002
28,225100,2.8439865112304688,0.6273525721455459,,,,0.0002
28,225200,2.7349209785461426,0.6704545454545454,,,,0.0002
28,225300,2.8803253173828125,0.6378653113087674,,,,0.0002
28,225400,2.7064483165740967,0.6487179487179487,,,,0.0002
28,225500,2.8109798431396484,0.6287978863936592,,,,0.0002
28,225600,2.643488883972168,0.6829931972789116,,,,0.0002
28,225700,2.7472729682922363,0.6661931818181818,,,,0.0002
28,225800,2.78004789352417,0.6377358490566037,,,,0.0002
28,225900,2.8434219360351562,0.631578947368421,,,,0.0002
28,226000,2.8635406494140625,0.6514954486345904,,,,0.0002
28,226100,2.7009944915771484,0.6537433155080213,,,,0.0002
28,226200,2.600400447845459,0.6830238726790451,,,,0.0002
28,226300,2.678576946258545,0.6794258373205742,,,,0.0002
28,226400,2.8120148181915283,0.6392405063291139,,,,0.0002
28,226500,2.730175018310547,0.6428571428571429,,,,0.0002
28,226600,2.7487430572509766,0.6559139784946236,,,,0.0002
28,226660,,,2.978199063205053,0.6392303210207824,,
29,226700,2.728896141052246,0.6514522821576764,,,,0.0002
29,226800,2.5117318630218506,0.7073906485671192,,,,0.0002
29,226900,2.724954605102539,0.6481257557436517,,,,0.0002
29,227000,2.752145767211914,0.6224489795918368,,,,0.0002
29,227100,2.658184051513672,0.6495726495726496,,,,0.0002
29,227200,2.871384859085083,0.6153846153846154,,,,0.0002
29,227300,2.5992469787597656,0.6743554952510177,,,,0.0002
29,227400,2.5748543739318848,0.6778846153846154,,,,0.0002
29,227500,2.6526663303375244,0.66,,,,0.0002
29,227600,2.5930070877075195,0.6840579710144927,,,,0.0002
29,227700,2.6342477798461914,0.6628498727735369,,,,0.0002
29,227800,2.52266526222229,0.7025392986698912,,,,0.0002
29,227900,2.6197028160095215,0.6995708154506438,,,,0.0002
29,228000,2.5387282371520996,0.6778783958602846,,,,0.0002
29,228100,2.6316471099853516,0.6736842105263158,,,,0.0002
29,228200,2.657193183898926,0.6293375394321766,,,,0.0002
29,228300,2.6226449012756348,0.6670807453416149,,,,0.0002
29,228400,2.642657518386841,0.6595744680851063,,,,0.0002
29,228500,2.796571969985962,0.6292798110979929,,,,0.0002
29,228600,2.547781467437744,0.6864406779661016,,,,0.0002
29,228700,2.5901896953582764,0.6768617021276596,,,,0.0002
29,228800,2.676333427429199,0.6555851063829787,,,,0.0002
29,228900,2.6503372192382812,0.6780104712041884,,,,0.0002
29,229000,2.7707924842834473,0.6404109589041096,,,,0.0002
29,229100,2.540525197982788,0.703281027104137,,,,0.0002
29,229200,2.518383502960205,0.6885007278020379,,,,0.0002
29,229300,2.738358736038208,0.662962962962963,,,,0.0002
29,229400,2.771993637084961,0.6557562076749436,,,,0.0002
29,229500,2.638472557067871,0.6636871508379888,,,,0.0002
29,229600,2.8116538524627686,0.6445012787723785,,,,0.0002
29,229700,2.768932342529297,0.6431226765799256,,,,0.0002
29,229800,2.585167169570923,0.6866295264623955,,,,0.0002
29,229900,2.784818649291992,0.6544980443285529,,,,0.0002
29,230000,2.7873940467834473,0.6533505154639175,,,,0.0002
29,230100,2.614687919616699,0.6706008583690987,,,,0.0002
29,230200,2.6501145362854004,0.6743421052631579,,,,0.0002
29,230300,2.760258674621582,0.6646266829865362,,,,0.0002
29,230400,2.8108773231506348,0.648786717752235,,,,0.0002
29,230500,2.6550045013427734,0.6666666666666666,,,,0.0002
29,230600,2.6174674034118652,0.6894243641231593,,,,0.0002
29,230700,2.530179500579834,0.7048192771084337,,,,0.0002
29,230800,2.547884464263916,0.7011494252873564,,,,0.0002
29,230900,2.7121591567993164,0.6658163265306123,,,,0.0002
29,231000,2.732809543609619,0.6507731958762887,,,,0.0002
29,231100,2.611027956008911,0.6863517060367454,,,,0.0002
29,231200,2.8259644508361816,0.632051282051282,,,,0.0002
29,231300,2.6018519401550293,0.6811779769526248,,,,0.0002
29,231400,2.5852041244506836,0.6726768377253814,,,,0.0002
29,231500,2.6850690841674805,0.6813031161473088,,,,0.0002
29,231600,2.5254812240600586,0.6760204081632653,,,,0.0002
29,231700,2.6059982776641846,0.6902654867256637,,,,0.0002
29,231800,2.6948163509368896,0.6710369487485102,,,,0.0002
29,231900,2.7241475582122803,0.6630872483221476,,,,0.0002
29,232000,2.7437052726745605,0.6544303797468355,,,,0.0002
29,232100,2.6845221519470215,0.6639566395663956,,,,0.0002
29,232200,2.512660026550293,0.7314685314685314,,,,0.0002
29,232300,2.7109203338623047,0.6569037656903766,,,,0.0002
29,232400,2.7168593406677246,0.6551724137931034,,,,0.0002
29,232500,2.6310858726501465,0.6545454545454545,,,,0.0002
29,232600,2.7474851608276367,0.6548347613219094,,,,0.0002
29,232700,2.7435765266418457,0.6447368421052632,,,,0.0002
29,232800,2.819279193878174,0.6484687083888149,,,,0.0002
29,232900,2.7519326210021973,0.6395881006864989,,,,0.0002
29,233000,2.714937686920166,0.6640522875816993,,,,0.0002
29,233100,2.8130266666412354,0.6543478260869565,,,,0.0002
29,233200,2.626147747039795,0.6728462377317339,,,,0.0002
29,233300,2.6570119857788086,0.6675191815856778,,,,0.0002
29,233400,2.666018009185791,0.6740331491712708,,,,0.0002
29,233500,2.682389736175537,0.6623563218390804,,,,0.0002
29,233600,2.5025994777679443,0.703601108033241,,,,0.0002
29,233700,2.768770933151245,0.6477146042363434,,,,0.0002
29,233800,2.7541913986206055,0.6654888103651354,,,,0.0002
29,233900,2.65374493598938,0.6743185078909613,,,,0.0002
29,234000,2.607696533203125,0.6783707865168539,,,,0.0002
29,234100,2.8844921588897705,0.6373626373626373,,,,0.0002
29,234200,2.6769003868103027,0.6675324675324675,,,,0.0002
29,234300,2.7356929779052734,0.6535087719298246,,,,0.0002
29,234400,3.0479745864868164,0.581858407079646,,,,0.0002
29,234500,2.7153053283691406,0.6421207658321061,,,,0.0002
29,234600,2.6719141006469727,0.6884154460719041,,,,0.0002
29,234700,2.6234540939331055,0.6774193548387096,,,,0.0002
29,234755,,,2.9751541151711773,0.6393051038462091,,
30,234800,2.670083999633789,0.6702127659574468,,,,0.0002
30,234900,2.523087978363037,0.6828571428571428,,,,0.0002
30,235000,2.6631107330322266,0.6873156342182891,,,,0.0002
30,235100,2.6639277935028076,0.6899038461538461,,,,0.0002
30,235200,2.6160855293273926,0.6979293544457978,,,,0.0002
30,235300,2.6721229553222656,0.6658767772511849,,,,0.0002
30,235400,2.628279685974121,0.6685552407932012,,,,0.0002
30,235500,2.6195688247680664,0.6611464968152866,,,,0.0002
30,235600,2.642249584197998,0.6563342318059299,,,,0.0002
30,235700,2.634589910507202,0.6853055916775033,,,,0.0002
30,235800,2.520765542984009,0.696524064171123,,,,0.0002
30,235900,2.5456957817077637,0.6826137689614936,,,,0.0002
30,236000,2.5933728218078613,0.6753407682775713,,,,0.0002
30,236100,2.512185573577881,0.6889204545454546,,,,0.0002
30,236200,2.6733193397521973,0.6645807259073843,,,,0.0002
30,236300,2.7143290042877197,0.6643518518518519,,,,0.0002
30,236400,2.8032641410827637,0.6287978863936592,,,,0.0002
30,236500,2.6708803176879883,0.6533333333333333,,,,0.0002
30,236600,2.6452560424804688,0.6739130434782609,,,,0.0002
30,236700,2.4168918132781982,0.7362924281984334,,,,0.0002
30,236800,2.710754871368408,0.6528704939919893,,,,0.0002
30,236900,2.6206274032592773,0.6758703481392557,,,,0.0002
30,237000,2.6205761432647705,0.6768447837150128,,,,0.0002
30,237100,2.507079601287842,0.7007299270072993,,,,0.0002
30,237200,2.7355270385742188,0.6528822055137845,,,,0.0002
30,237300,2.743440628051758,0.6539792387543253,,,,0.0002
30,237400,2.572516441345215,0.6846715328467153,,,,0.0002
30,237500,2.5140562057495117,0.7092511013215859,,,,0.0002
30,237600,2.7418603897094727,0.6547945205479452,,,,0.0002
30,237700,2.710085153579712,0.6584415584415585,,,,0.0002
30,237800,2.564030647277832,0.6889495225102319,,,,0.0002
30,237900,2.6051361560821533,0.6779661016949152,,,,0.0002
30,238000,2.6393446922302246,0.6658064516129032,,,,0.0002
30,238100,2.6361160278320312,0.6564774381368268,,,,0.0002
30,238200,2.846011161804199,0.6624843161856964,,,,0.0002
30,238300,2.5314178466796875,0.6867132867132867,,,,0.0002
30,238400,2.703495502471924,0.6533333333333333,,,,0.0002
30,238500,2.7210893630981445,0.6592489568845619,,,,0.0002
30,238600,2.6249828338623047,0.667144906743185,,,,0.0002
30,238700,2.6331801414489746,0.6839160839160839,,,,0.0002
30,238800,2.759190082550049,0.6642424242424242,,,,0.0002
30,238900,2.7943952083587646,0.649164677804296,,,,0.0002
30,239000,2.893505096435547,0.6101895734597157,,,,0.0002
30,239100,2.680366039276123,0.6627358490566038,,,,0.0002
30,239200,2.487732172012329,0.695273631840796,,,,0.0002
30,239300,2.5291690826416016,0.7153179190751445,,,,0.0002
30,239400,2.8424739837646484,0.6287128712871287,,,,0.0002
30,239500,2.657711982727051,0.6843501326259946,,,,0.0002
30,239600,2.5718655586242676,0.7064965197215777,,,,0.0002
30,239700,2.642763137817383,0.6563307493540051,,,,0.0002
30,239800,2.7547497749328613,0.6705577172503242,,,,0.0002
30,239900,2.653130531311035,0.6662621359223301,,,,0.0002
30,240000,2.718334436416626,0.6582446808510638,,,,0.0002
30,240100,2.8714139461517334,0.6343178621659634,,,,0.0002
30,240200,2.7603864669799805,0.6670902160101652,,,,0.0002
30,240300,2.558041572570801,0.7122708039492243,,,,0.0002
30,240400,2.637547016143799,0.6897058823529412,,,,0.0002
30,240500,2.704623222351074,0.6769025367156208,,,,0.0002
30,240600,2.6693649291992188,0.6695156695156695,,,,0.0002
30,240700,2.7701144218444824,0.6497890295358649,,,,0.0002
30,240800,2.711228847503662,0.6785243741765481,,,,0.0002
30,240900,2.6298627853393555,0.6787096774193548,,,,0.0002
30,241000,2.6223678588867188,0.6897546897546898,,,,0.0002
30,241100,2.7125391960144043,0.6612903225806451,,,,0.0002
30,241200,2.756911039352417,0.6577540106951871,,,,0.0002
30,241300,2.7050323486328125,0.6564171122994652,,,,0.0002
30,241400,2.605344772338867,0.6796407185628742,,,,0.0002
30,241500,2.742123603820801,0.6336633663366337,,,,0.0002
30,241600,2.7721452713012695,0.6520231213872832,,,,0.0002
30,241700,2.6193737983703613,0.69,,,,0.0002
30,241800,2.68019962310791,0.6604026845637584,,,,0.0002
30,241900,2.6893861293792725,0.6594202898550725,,,,0.0002
30,242000,2.6877264976501465,0.677376171352075,,,,0.0002
30,242100,2.688758373260498,0.6666666666666666,,,,0.0002
30,242200,2.6982226371765137,0.6625,,,,0.0002
30,242300,2.744202136993408,0.6510152284263959,,,,0.0002
30,242400,2.679107189178467,0.6695331695331695,,,,0.0002
30,242500,2.5822458267211914,0.7138964577656676,,,,0.0002
30,242600,2.602060317993164,0.675,,,,0.0002
30,242700,2.7881762981414795,0.6291666666666667,,,,0.0002
30,242800,2.8276515007019043,0.631578947368421,,,,0.0002
30,242850,,,2.9671571668285153,0.6411630387392943,30.924609054832576,
31,242900,2.5390396118164062,0.6936708860759494,,,,0.0002
31,243000,2.4719367027282715,0.7163995067817509,,,,0.0002
31,243100,2.5961849689483643,0.6804511278195489,,,,0.0002
31,243200,2.5630130767822266,0.6713735558408216,,,,0.0002
31,243300,2.536680221557617,0.6909975669099757,,,,0.0002
31,243400,2.584218978881836,0.6853658536585366,,,,0.0002
31,243500,2.5999574661254883,0.6908077994428969,,,,0.0002
31,243600,2.6950430870056152,0.6681034482758621,,,,0.0002
31,243700,2.5937023162841797,0.6879795396419437,,,,0.0002
31,243800,2.812549114227295,0.6344410876132931,,,,0.0002
31,243900,2.5567798614501953,0.691160809371672,,,,0.0002
31,244000,2.532439708709717,0.7056213017751479,,,,0.0002
31,244100,2.5475680828094482,0.6826801517067004,,,,0.0002
31,244200,2.5603890419006348,0.7009345794392523,,,,0.0002
31,244300,2.5019898414611816,0.69558599695586,,,,0.0002
31,244400,2.5101876258850098,0.6890982503364738,,,,0.0002
31,244500,2.511876106262207,0.6964285714285714,,,,0.0002
31,244600,2.6169700622558594,0.6831683168316832,,,,0.0002
31,244700,2.512347459793091,0.686382393397524,,,,0.0002
31,244800,2.6384801864624023,0.6881720430107527,,,,0.0002
31,244900,2.551760196685791,0.7031963470319634,,,,0.0002
31,245000,2.6189498901367188,0.6791767554479419,,,,0.0002
31,245100,2.5517592430114746,0.6927453769559033,,,,0.0002
31,245200,2.670405626296997,0.6594827586206896,,,,0.0002
31,245300,2.66935396194458,0.6848739495798319,,,,0.0002
31,245400,2.8429903984069824,0.6355029585798817,,,,0.0002
31,245500,2.6059699058532715,0.688295165394402,,,,0.0002
31,245600,2.7530345916748047,0.65402124430956,,,,0.0002
31,245700,2.5215988159179688,0.6982872200263505,,,,0.0002
31,245800,2.618561267852783,0.6666666666666666,,,,0.0002
31,245900,2.817380666732788,0.6442953020134228,,,,0.0002
31,246000,2.533860445022583,0.71875,,,,0.0002
31,246100,2.6596388816833496,0.6699438202247191,,,,0.0002
31,246200,2.5307605266571045,0.7117516629711752,,,,0.0002
31,246300,2.616481304168701,0.6783854166666666,,,,0.0002
31,246400,2.6076502799987793,0.6519138755980861,,,,0.0002
31,246500,2.4028165340423584,0.7352517985611511,,,,0.0002
31,246600,2.590822219848633,0.6936114732724902,,,,0.0002
31,246700,2.590780258178711,0.6898638426626323,,,,0.0002
31,246800,2.6780357360839844,0.6383248730964467,,,,0.0002
31,246900,2.70477294921875,0.655210643015521,,,,0.0002
31,247000,2.698564052581787,0.6547756041426928,,,,0.0002
31,247100,2.748943328857422,0.6465295629820051,,,,0.0002
31,247200,2.453404188156128,0.7166882276843467,,,,0.0002
31,247300,2.571857213973999,0.6899862825788752,,,,0.0002
31,247400,2.8209969997406006,0.6192560175054704,,,,0.0002
31,247500,2.5936570167541504,0.6776765375854215,,,,0.0002
31,247600,3.013937473297119,0.6021897810218978,,,,0.0002
31,247700,2.682537078857422,0.6726403823178017,,,,0.0002
31,247800,2.629021644592285,0.6846986089644513,,,,0.0002
31,247900,2.7026429176330566,0.6598311218335344,,,,0.0002
31,248000,2.7987890243530273,0.6385869565217391,,,,0.0002
31,248100,2.741305351257324,0.6473072861668426,,,,0.0002
31,248200,2.63802433013916,0.6674816625916871,,,,0.0002
31,248300,2.6923975944519043,0.645021645021645,,,,0.0002
31,248400,2.5274202823638916,0.6902985074626866,,,,0.0002
31,248500,2.6663827896118164,0.6388206388206388,,,,0.0002
31,248600,2.681772232055664,0.6662216288384513,,,,0.0002
31,248700,2.5494885444641113,0.6982167352537723,,,,0.0002
31,248800,2.8188347816467285,0.6324503311258278,,,,0.0002
31,248900,2.7696948051452637,0.6527777777777778,,,,0.0002
31,249000,2.8407177925109863,0.6408544726301736,,,,0.0002
31,249100,2.7571749687194824,0.6504481434058899,,,,0.0002
31,249200,2.869396686553955,0.6025477707006369,,,,0.0002
31,249300,2.6562070846557617,0.676829268292683,,,,0.0002
31,249400,2.6769347190856934,0.6816326530612244,,,,0.0002
31,249500,2.721676826477051,0.6415552855407047,,,,0.0002
31,249600,2.7717130184173584,0.6218375499334221,,,,0.0002
31,249700,2.732231616973877,0.6557610241820768,,,,0.0002
31,249800,2.7887301445007324,0.6548797736916548,,,,0.0002
31,249900,2.5523457527160645,0.6970128022759602,,,,0.0002
31,250000,2.6503586769104004,0.6462686567164179,,,,0.0002
31,250100,2.733154296875,0.660024906600249,,,,0.0002
31,250200,2.6761250495910645,0.6666666666666666,,,,0.0002
31,250300,2.824726104736328,0.6340136054421769,,,,0.0002
31,250400,2.5638184547424316,0.6932952924393724,,,,0.0002
31,250500,2.557583808898926,0.6957746478873239,,,,0.0002
31,250600,2.6370227336883545,0.6647807637906648,,,,0.0002
31,250700,2.6440134048461914,0.6772068511198946,,,,0.0002
31,250800,2.742814540863037,0.6613995485327314,,,,0.0002
31,250900,2.873495578765869,0.6205128205128205,,,,0.0002
31,250945,,,2.970093329308058,0.6415964779018228,,
32,251000,2.42899227142334,0.7152,,,,0.0002
32,251100,2.544483184814453,0.7059620596205962,,,,0.0002
32,251200,2.454998016357422,0.7133757961783439,,,,0.0002
32,251300,2.4272265434265137,0.7352555701179554,,,,0.0002
32,251400,2.583021640777588,0.6825842696629213,,,,0.0002
32,251500,2.521198272705078,0.6984924623115578,,,,0.0002
32,251600,2.6060783863067627,0.6696774193548387,,,,0.0002
32,251700,2.5221757888793945,0.6966463414634146,,,,0.0002
32,251800,2.5897765159606934,0.6662125340599455,,,,0.0002
32,251900,2.4888253211975098,0.6912928759894459,,,,0.0002
32,252000,2.5881900787353516,0.695906432748538,,,,0.0002
32,252100,2.511014699935913,0.7040673211781207,,,,0.0002
32,252200,2.4995298385620117,0.7026194144838213,,,,0.0002
32,252300,2.7226972579956055,0.65,,,,0.0002
32,252400,2.4947192668914795,0.7007575757575758,,,,0.0002
32,252500,2.684068441390991,0.6679389312977099,,,,0.0002
32,252600,2.495673656463623,0.7099737532808399,,,,0.0002
32,252700,2.597700834274292,0.6836086404066074,,,,0.0002
32,252800,2.6105129718780518,0.6813725490196079,,,,0.0002
32,252900,2.6504340171813965,0.6692506459948321,,,,0.0002
32,253000,2.646066188812256,0.6511627906976745,,,,0.0002
32,253100,2.752845287322998,0.6437994722955145,,,,0.0002
32,253200,2.6413683891296387,0.6666666666666666,,,,0.0002
32,253300,2.5001182556152344,0.7074122236671001,,,,0.0002
32,253400,2.692603349685669,0.6797468354430379,,,,0.0002
32,253500,2.7293107509613037,0.650497512437811,,,,0.0002
32,253600,2.713517904281616,0.6348600508905853,,,,0.0002
32,253700,2.6249072551727295,0.666270783847981,,,,0.0002
32,253800,2.607046604156494,0.6835106382978723,,,,0.0002
32,253900,2.7988762855529785,0.6406820950060901,,,,0.0002
32,254000,2.777726173400879,0.6544378698224852,,,,0.0002
32,254100,2.6388821601867676,0.6724137931034483,,,,0.0002
32,254200,2.6203746795654297,0.6746143057503506,,,,0.0002
32,254300,2.5388011932373047,0.7088948787061995,,,,0.0002
32,254400,2.66898250579834,0.6596026490066225,,,,0.0002
32,254500,2.5884411334991455,0.6909323116219668,,,,0.0002
32,254600,2.5259289741516113,0.6967418546365914,,,,0.0002
32,254700,2.5430266857147217,0.6837349397590361,,,,0.0002
32,254800,2.6224546432495117,0.6845386533665836,,,,0.0002
32,254900,2.6188206672668457,0.6766917293233082,,,,0.0002
32,255000,2.523393154144287,0.6975476839237057,,,,0.0002
32,255100,2.6603333950042725,0.6679636835278858,,,,0.0002
32,255200,2.5903735160827637,0.6925031766200762,,,,0.0002
32,255300,2.7772483825683594,0.6547192353643967,,,,0.0002
32,255400,2.7234714031219482,0.6506493506493507,,,,0.0002
32,255500,2.7340235710144043,0.660844250363901,,,,0.0002
32,255600,2.640777587890625,0.6866585067319462,,,,0.0002
32,255700,2.6078648567199707,0.6799485861182519,,,,0.0002
32,255800,2.6948258876800537,0.6593137254901961,,,,0.0002
32,255900,2.7372560501098633,0.6614583333333334,,,,0.0002
32,256000,2.6577558517456055,0.6726768377253814,,,,0.0002
32,256100,2.5788307189941406,0.672386895475819,,,,0.0002
32,256200,2.5851120948791504,0.6828528072837633,,,,0.0002
32,256300,2.8619561195373535,0.6210268948655256,,,,0.0002
32,256400,2.6301794052124023,0.6763925729442971,,,,0.0002
32,256500,2.4995293617248535,0.7121212121212122,,,,0.0002
32,256600,2.616530418395996,0.6767411300919842,,,,0.0002
32,256700,2.7334370613098145,0.6564171122994652,,,,0.0002
32,256800,2.7291998863220215,0.6565389696169088,,,,0.0002
32,256900,2.6163644790649414,0.6590584878744651,,,,0.0002
32,257000,2.827409267425537,0.6384248210023866,,,,0.0002
32,257100,2.83365535736084,0.6220472440944882,,,,0.0002
32,257200,2.6735010147094727,0.6626826029216467,,,,0.0002
32,257300,2.5733745098114014,0.6869806094182825,,,,0.0002
32,257400,2.6744401454925537,0.6580976863753213,,,,0.0002
32,257500,2.7556800842285156,0.6653491436100132,,,,0.0002
32,257600,2.6805124282836914,0.6646706586826348,,,,0.0002
32,257700,2.753549098968506,0.6500777604976672,,,,0.0002
32,257800,2.6455750465393066,0.6623931623931624,,,,0.0002
32,257900,2.7562737464904785,0.6287292817679558,,,,0.0002
32,258000,2.948680877685547,0.5969191270860077,,,,0.0002
32,258100,2.501354455947876,0.719435736677116,,,,0.0002
32,258200,2.7479071617126465,0.6580246913580247,,,,0.0002
32,258300,2.654386520385742,0.6866666666666666,,,,0.0002
32,258400,2.6386771202087402,0.6902106567534076,,,,0.0002
32,258500,2.660831928253174,0.6832694763729247,,,,0.0002
32,258600,2.517063617706299,0.7266081871345029,,,,0.0002
32,258700,2.645784378051758,0.6842783505154639,,,,0.0002
32,258800,2.7763876914978027,0.6555851063829787,,,,0.0002
32,258900,2.647218704223633,0.6807228915662651,,,,0.0002
32,259000,2.613382339477539,0.6825174825174826,,,,0.0002
32,259040,,,2.9554956995982926,0.6423679350169623,,
33,259100,2.51474666595459,0.6942675159235668,,,,0.0002
33,259200,2.488758087158203,0.7074235807860262,,,,0.0002
33,259300,2.526618003845215,0.6953352769679301,,,,0.0002
33,259400,2.472930431365967,0.7181208053691275,,,,0.0002
33,259500,2.5331671237945557,0.6990920881971465,,,,0.0002
33,259600,2.523231029510498,0.7002457002457002,,,,0.0002
33,259700,2.6105527877807617,0.66875,,,,0.0002
33,259800,2.491318702697754,0.7091906721536351,,,,0.0002
33,259900,2.6853137016296387,0.6604010025062657,,,,0.0002
33,260000,2.6135759353637695,0.6608946608946609,,,,0.0002
33,260100,2.7121477127075195,0.6675324675324675,,,,0.0002
33,260200,2.589088201522827,0.6790830945558739,,,,0.0002
33,260300,2.6541552543640137,0.6729475100942126,,,,0.0002
33,260400,2.5437188148498535,0.6894664842681258,,,,0.0002
33,260500,2.4261474609375,0.7159763313609467,,,,0.0002
33,260600,2.5955333709716797,0.6738461538461539,,,,0.0002
33,260700,2.491464614868164,0.7035398230088495,,,,0.0002
33,260800,2.6380209922790527,0.6733812949640288,,,,0.0002
33,260900,2.693035125732422,0.6381660470879802,,,,0.0002
33,261000,2.609020709991455,0.6968449931412894,,,,0.0002
33,261100,2.707441806793213,0.6695278969957081,,,,0.0002
33,261200,2.7186336517333984,0.6638141809290954,,,,0.0002
33,261300,2.60772705078125,0.6795016987542469,,,,0.0002
33,261400,2.587296485900879,0.697084917617237,,,,0.0002
33,261500,2.637600898742676,0.6835294117647058,,,,0.0002
33,261600,2.7137694358825684,0.6508620689655172,,,,0.0002
33,261700,2.6302013397216797,0.6587202007528231,,,,0.0002
33,261800,2.6198532581329346,0.6828193832599119,,,,0.0002
33,261900,2.4960474967956543,0.7014492753623188,,,,0.0002
33,262000,2.622532367706299,0.6709511568123393,,,,0.0002
33,262100,2.6062750816345215,0.6646634615384616,,,,0.0002
33,262200,2.6704235076904297,0.6571798188874515,,,,0.0002
33,262300,2.6331019401550293,0.681930693069307,,,,0.0002
33,262400,2.5885674953460693,0.684,,,,0.0002
33,262500,2.673196315765381,0.6635388739946381,,,,0.0002
33,262600,2.7945754528045654,0.6555269922879178,,,,0.0002
33,262700,2.7191996574401855,0.6557142857142857,,,,0.0002
33,262800,2.6799678802490234,0.6590604026845638,,,,0.0002
33,262900,2.645242691040039,0.6601941747572816,,,,0.0002
33,263000,2.6233749389648438,0.7069182389937106,,,,0.0002
33,263100,2.747296094894409,0.6626666666666666,,,,0.0002
33,263200,2.6143805980682373,0.70828025477707,,,,0.0002
33,263300,2.6826276779174805,0.6540600667408232,,,,0.0002
33,263400,2.828674793243408,0.6261319534282018,,,,0.0002
33,263500,2.698565721511841,0.6666666666666666,,,,0.0002
33,263600,2.7573654651641846,0.6477732793522267,,,,0.0002
33,263700,2.7885053157806396,0.6334563345633456,,,,0.0002
33,263800,2.600616931915283,0.6955503512880562,,,,0.0002
33,263900,2.792790412902832,0.6654366543665436,,,,0.0002
33,264000,2.7066612243652344,0.6534914361001317,,,,0.0002
33,264100,2.7018847465515137,0.6582466567607727,,,,0.0002
33,264200,2.598317861557007,0.6826265389876881,,,,0.0002
33,264300,2.5690157413482666,0.6828609986504723,,,,0.0002
33,264400,2.656930923461914,0.6882352941176471,,,,0.0002
33,264500,2.7639784812927246,0.6292682926829268,,,,0.0002
33,264600,2.553849220275879,0.6977299880525687,,,,0.0002
33,264700,2.553720474243164,0.7080103359173127,,,,0.0002
33,264800,2.698021411895752,0.644808743169399,,,,0.0002
33,264900,2.627829074859619,0.6713780918727915,,,,0.0002
33,265000,2.581418991088867,0.6917728852838934,,,,0.0002
33,265100,2.7030153274536133,0.6725543478260869,,,,0.0002
33,265200,2.547790288925171,0.7062068965517241,,,,0.0002
33,265300,2.6922311782836914,0.6666666666666666,,,,0.0002
33,265400,2.8505187034606934,0.629500580720093,,,,0.0002
33,265500,2.576972007751465,0.6666666666666666,,,,0.0002
33,265600,2.7713727951049805,0.6466346153846154,,,,0.0002
33,265700,2.6740036010742188,0.66484268125855,,,,0.0002
33,265800,2.721569061279297,0.6563307493540051,,,,0.0002
33,265900,2.748234748840332,0.6431181485992692,,,,0.0002
33,266000,2.7472007274627686,0.6519208381839348,,,,0.0002
33,266100,2.524599075317383,0.6948228882833788,,,,0.0002
33,266200,2.596646308898926,0.6717557251908397,,,,0.0002
33,266300,2.5084900856018066,0.6642120765832106,,,,0.0002
33,266400,2.5691094398498535,0.6971153846153846,,,,0.0002
33,266500,2.9088780879974365,0.6089449541284404,,,,0.0002
33,266600,2.5947673320770264,0.6894803548795945,,,,0.0002
33,266700,2.724367618560791,0.6427640156453716,,,,0.0002
33,266800,2.6386160850524902,0.6619537275064268,,,,0.0002
33,266900,2.7279064655303955,0.6440460947503202,,,,0.0002
33,267000,2.6822690963745117,0.6433470507544582,,,,0.0002
33,267100,2.7317185401916504,0.6715151515151515,,,,0.0002
33,267135,,,2.9594237747514347,0.6425943088718752,,
34,267200,2.4908292293548584,0.712171052631579,,,,0.0002
34,267300,2.443845748901367,0.7223042836041359,,,,0.0002
34,267400,2.6170549392700195,0.672316384180791,,,,0.0002
34,267500,2.5625016689300537,0.6711956521739131,,,,0.0002
34,267600,2.5265188217163086,0.6998769987699877,,,,0.0002
34,267700,2.6053295135498047,0.6644113667117727,,,,0.0002
34,267800,2.494053840637207,0.7190839694656489,,,,0.0002
34,267900,2.518676996231079,0.676,,,,0.0002
34,268000,2.7917046546936035,0.6403743315508021,,,,0.0002
34,268100,2.5037989616394043,0.6928281461434371,,,,0.0002
34,268200,2.647597312927246,0.6774580335731415,,,,0.0002
34,268300,2.753664970397949,0.6300751879699248,,,,0.0002
34,268400,2.885807752609253,0.597972972972973,,,,0.0002
34,268500,2.5114097595214844,0.7114285714285714,,,,0.0002
34,268600,2.790010929107666,0.625158831003812,,,,0.0002
34,268700,2.487382411956787,0.7129750982961992,,,,0.0002
34,268800,2.6262760162353516,0.6662286465177398,,,,0.0002
34,268900,2.5991134643554688,0.7083333333333334,,,,0.0002
34,269000,2.5851430892944336,0.6945169712793734,,,,0.0002
34,269100,2.629880905151367,0.6644823066841415,,,,0.0002
34,269200,2.575826644897461,0.6671511627906976,,,,0.0002
34,269300,2.58498477935791,0.6933333333333334,,,,0.0002
34,269400,2.696157693862915,0.6703146374829001,,,,0.0002
34,269500,2.589843511581421,0.6895640686922061,,,,0.0002
34,269600,2.6046485900878906,0.6646971935007385,,,,0.0002
34,269700,2.533888339996338,0.6945551128818062,,,,0.0002
34,269800,2.542527914047241,0.6824034334763949,,,,0.0002
34,269900,2.5279927253723145,0.6975476839237057,,,,0.0002
34,270000,2.596017599105835,0.6904109589041096,,,,0.0002
34,270100,2.6661105155944824,0.6640522875816993,,,,0.0002
34,270200,2.5511341094970703,0.7015915119363395,,,,0.0002
34,270300,2.765852451324463,0.6529850746268657,,,,0.0002
34,270400,2.834275484085083,0.6387249114521841,,,,0.0002
34,270500,2.6486666202545166,0.6741573033707865,,,,0.0002
34,270600,2.7586212158203125,0.6631299734748011,,,,0.0002
34,270700,2.6718149185180664,0.6671105193075899,,,,0.0002
34,270800,2.442007303237915,0.7265917602996255,,,,0.0002
34,270900,2.68123197555542,0.6599749058971142,,,,0.0002
34,271000,2.598982810974121,0.66189111747851,,,,0.0002
34,271100,2.6965792179107666,0.6554054054054054,,,,0.0002
34,271200,2.6723084449768066,0.6536856745479833,,,,0.0002
34,271300,2.7437872886657715,0.6393229166666666,,,,0.0002
34,271400,2.649141788482666,0.653954802259887,,,,0.0002
34,271500,2.5950429439544678,0.6862464183381088,,,,0.0002
34,271600,2.6254191398620605,0.702513966480447,,,,0.0002
34,271700,2.711887836456299,0.6632183908045977,,,,0.0002
34,271800,2.5582025051116943,0.684593023255814,,,,0.0002
34,271900,2.64805006980896,0.6562874251497006,,,,0.0002
34,272000,2.630542278289795,0.6770538243626062,,,,0.0002
34,272100,2.6506457328796387,0.6808219178082192,,,,0.0002
34,272200,2.4787378311157227,0.7117726657645467,,,,0.0002
34,272300,2.7248737812042236,0.6570996978851964,,,,0.0002
34,272400,2.7039148807525635,0.6725352112676056,,,,0.0002
34,272500,2.5246357917785645,0.702416918429003,,,,0.0002
34,272600,2.500886917114258,0.7101648351648352,,,,0.0002
34,272700,2.562931537628174,0.684346701164295,,,,0.0002
34,272800,2.834461212158203,0.6239067055393586,,,,0.0002
34,272900,2.6354730129241943,0.6874205844980941,,,,0.0002
34,273000,2.7430858612060547,0.6532467532467533,,,,0.0002
34,273100,2.6763830184936523,0.677376171352075,,,,0.0002
34,273200,2.992302179336548,0.5990159901599016,,,,0.0002
34,273300,2.6889700889587402,0.6679245283018868,,,,0.0002
34,273400,2.681612491607666,0.6626240352811467,,,,0.0002
34,273500,2.6671876907348633,0.6516516516516516,,,,0.0002
34,273600,2.6324386596679688,0.6547987616099071,,,,0.0002
34,273700,2.609769344329834,0.6767676767676768,,,,0.0002
34,273800,2.676469087600708,0.6761363636363636,,,,0.0002
34,273900,2.696136951446533,0.655483870967742,,,,0.0002
34,274000,2.666416645050049,0.6701337295690936,,,,0.0002
34,274100,2.7236344814300537,0.6666666666666666,,,,0.0002
34,274200,2.4718291759490967,0.728125,,,,0.0002
34,274300,2.6951165199279785,0.6650660264105642,,,,0.0002
34,274400,2.7339649200439453,0.6446173800259404,,,,0.0002
34,274500,2.670067310333252,0.6676384839650146,,,,0.0002
34,274600,2.679321765899658,0.6650485436893204,,,,0.0002
34,274700,2.6959476470947266,0.6658767772511849,,,,0.0002
34,274800,2.698765516281128,0.6429447852760736,,,,0.0002
34,274900,2.683166980743408,0.6708385481852316,,,,0.0002
34,275000,2.7513222694396973,0.6572890025575447,,,,0.0002
34,275100,2.65566349029541,0.6531881804043546,,,,0.0002
34,275200,2.593914031982422,0.6747787610619469,,,,0.0002
34,275230,,,2.9555980044138446,0.6430677982205377,,
35,275300,2.4673521518707275,0.7066290550070522,,,,0.0002
35,275400,2.5608885288238525,0.7049180327868853,,,,0.0002
35,275500,2.623599052429199,0.6930171277997365,,,,0.0002
35,275600,2.4794392585754395,0.7149122807017544,,,,0.0002
35,275700,2.5117850303649902,0.7210191082802547,,,,0.0002
35,275800,2.5302391052246094,0.6904441453566622,,,,0.0002
35,275900,2.6122591495513916,0.6671001300390117,,,,0.0002
35,276000,2.6237950325012207,0.6513888888888889,,,,0.0002
35,276100,2.536989450454712,0.6910785619174434,,,,0.0002
35,276200,2.620434045791626,0.6715817694369973,,,,0.0002
35,276300,2.5037569999694824,0.7030848329048843,,,,0.0002
35,276400,2.687796115875244,0.6632064590542099,,,,0.0002
35,276500,2.446537733078003,0.7257653061224489,,,,0.0002
35,276600,2.6346521377563477,0.6761433868974042,,,,0.0002
35,276700,2.4677889347076416,0.7164887307236062,,,,0.0002
35,276800,2.7279460430145264,0.6466346153846154,,,,0.0002
35,276900,2.4427618980407715,0.7157142857142857,,,,0.0002
35,277000,2.575822353363037,0.6912991656734208,,,,0.0002
35,277100,2.421957015991211,0.7113821138211383,,,,0.0002
35,277200,2.5205936431884766,0.7111111111111111,,,,0.0002
35,277300,2.6367218494415283,0.6662068965517242,,,,0.0002
35,277400,2.5378942489624023,0.6838624338624338,,,,0.0002
35,277500,2.5782907009124756,0.6881851400730816,,,,0.0002
35,277600,2.6567769050598145,0.6580937972768532,,,,0.0002
35,277700,2.5931947231292725,0.6868421052631579,,,,0.0002
35,277800,2.6437792778015137,0.6688144329896907,,,,0.0002
35,277900,2.4741580486297607,0.6982543640897756,,,,0.0002
35,278000,2.5767955780029297,0.6872536136662286,,,,0.0002
35,278100,2.54410457611084,0.6988155668358714,,,,0.0002
35,278200,2.6291120052337646,0.6818727490996399,,,,0.0002
35,278300,2.57358980178833,0.6618610747051114,,,,0.0002
35,278400,2.7949109077453613,0.6584734799482536,,,,0.0002
35,278500,2.80479097366333,0.6315151515151515,,,,0.0002
35,278600,2.397451877593994,0.7147058823529412,,,,0.0002
35,278700,2.544170618057251,0.6993197278911565,,,,0.0002
35,278800,2.658358573913574,0.6838810641627543,,,,0.0002
35,278900,2.6607613563537598,0.674074074074074,,,,0.0002
35,279000,2.739075183868408,0.6698615548455804,,,,0.0002
35,279100,2.6558709144592285,0.6670902160101652,,,,0.0002
35,279200,2.5441384315490723,0.6538461538461539,,,,0.0002
35,279300,2.5845556259155273,0.6912181303116147,,,,0.0002
35,279400,2.6968984603881836,0.6698762035763411,,,,0.0002
35,279500,2.4398341178894043,0.7115097159940209,,,,0.0002
35,279600,2.6853647232055664,0.6638023630504833,,,,0.0002
35,279700,2.6329832077026367,0.6624472573839663,,,,0.0002
35,279800,2.5227088928222656,0.6920245398773006,,,,0.0002
35,279900,2.7514679431915283,0.660996354799514,,,,0.0002
35,280000,2.596336603164673,0.6900237529691211,,,,0.0002
35,280100,2.5534989833831787,0.6977777777777778,,,,0.0002
35,280200,2.7043023109436035,0.6809290953545232,,,,0.0002
35,280300,2.6847004890441895,0.6417489421720733,,,,0.0002
35,280400,2.5865325927734375,0.6880856760374833,,,,0.0002
35,280500,2.682309865951538,0.6958128078817734,,,,0.0002
35,280600,2.5144519805908203,0.7048951048951049,,,,0.0002
35,280700,2.7495007514953613,0.639344262295082,,,,0.0002
35,280800,2.6529908180236816,0.6801040312093628,,,,0.0002
35,280900,2.821890354156494,0.6328828828828829,,,,0.0002
35,281000,2.6937079429626465,0.6478318002628121,,,,0.0002
35,281100,2.6194329261779785,0.676962676962677,,,,0.0002
35,281200,2.7156567573547363,0.6499261447562777,,,,0.0002
35,281300,2.9075398445129395,0.6221945137157108,,,,0.0002
35,281400,2.6598057746887207,0.6684782608695652,,,,0.0002
35,281500,2.621729850769043,0.685971685971686,,,,0.0002
35,281600,2.5247058868408203,0.7,,,,0.0002
35,281700,2.6357052326202393,0.6739427012278308,,,,0.0002
35,281800,2.6997463703155518,0.6465408805031446,,,,0.0002
35,281900,2.526582956314087,0.7057991513437057,,,,0.0002
35,282000,2.6676337718963623,0.6869918699186992,,,,0.0002
35,282100,2.71380615234375,0.6577086280056577,,,,0.0002
35,282200,2.7044363021850586,0.6530612244897959,,,,0.0002
35,282300,2.8209147453308105,0.6509803921568628,,,,0.0002
35,282400,2.5802297592163086,0.6695278969957081,,,,0.0002
35,282500,2.6654551029205322,0.7042062415196744,,,,0.0002
35,282600,2.6844449043273926,0.660458452722063,,,,0.0002
35,282700,2.6602554321289062,0.6627906976744186,,,,0.0002
35,282800,2.750140905380249,0.6463276836158192,,,,0.0002
35,282900,2.642582893371582,0.6646191646191646,,,,0.0002
35,283000,2.8167810440063477,0.6143386897404203,,,,0.0002
35,283100,2.8357927799224854,0.6415694591728526,,,,0.0002
35,283200,2.58121919631958,0.6885007278020379,,,,0.0002
35,283300,2.678582191467285,0.6520051746442432,,,,0.0002
35,283325,,,2.953061819076538,0.6432499178028421,30.38347054790868,
36,283400,2.5634307861328125,0.6899441340782123,,,,0.0002
36,283500,2.5903472900390625,0.6529411764705882,,,,0.0002
36,283600,2.642287254333496,0.688858695652174,,,,0.0002
36,283700,2.5909299850463867,0.6648122392211405,,,,0.0002
36,283800,2.5855467319488525,0.6923076923076923,,,,0.0002
36,283900,2.4768595695495605,0.7096354166666666,,,,0.0002
36,284000,2.581432819366455,0.6662621359223301,,,,0.0002
36,284100,2.5749154090881348,0.6987951807228916,,,,0.0002
36,284200,2.6862566471099854,0.6607929515418502,,,,0.0002
36,284300,2.6677911281585693,0.6671035386631717,,,,0.0002
36,284400,2.4901561737060547,0.6955475330926595,,,,0.0002
36,284500,2.539809226989746,0.7030223390275953,,,,0.0002
36,284600,2.583228349685669,0.6883116883116883,,,,0.0002
36,284700,2.6543054580688477,0.6798418972332015,,,,0.0002
36,284800,2.6294748783111572,0.6653061224489796,,,,0.0002
36,284900,2.586376190185547,0.6870056497175141,,,,0.0002
36,285000,2.5181360244750977,0.6828609986504723,,,,0.0002
36,285100,2.493704319000244,0.6961394769613948,,,,0.0002
36,285200,2.663928508758545,0.6772727272727272,,,,0.0002
36,285300,2.6469407081604004,0.6426666666666667,,,,0.0002
36,285400,2.6613216400146484,0.6526576019777504,,,,0.0002
36,285500,2.6385140419006348,0.6636713735558408,,,,0.0002
36,285600,2.4956166744232178,0.7066848567530696,,,,0.0002
36,285700,2.6348705291748047,0.6704936854190585,,,,0.0002
36,285800,2.6807470321655273,0.6577086280056577,,,,0.0002
36,285900,2.4467544555664062,0.7188235294117648,,,,0.0002
36,286000,2.7589118480682373,0.6630695443645084,,,,0.0002
36,286100,2.678825616836548,0.6631016042780749,,,,0.0002
36,286200,2.5456600189208984,0.6922024623803009,,,,0.0002
36,286300,2.71096134185791,0.6530849825378346,,,,0.0002
36,286400,2.6695618629455566,0.6617826617826618,,,,0.0002
36,286500,2.6225900650024414,0.6795994993742178,,,,0.0002
36,286600,2.636232852935791,0.6490963855421686,,,,0.0002
36,286700,2.6463630199432373,0.6287769784172662,,,,0.0002
36,286800,2.6262059211730957,0.668856767411301,,,,0.0002
36,286900,2.5943334102630615,0.6891891891891891,,,,0.0002
36,287000,2.7882442474365234,0.6537396121883656,,,,0.0002
36,287100,2.763301372528076,0.6406685236768802,,,,0.0002
36,287200,2.5740299224853516,0.6825208085612366,,,,0.0002
36,287300,2.850252151489258,0.6381660470879802,,,,0.0002
36,287400,2.6089425086975098,0.6628041714947857,,,,0.0002
36,287500,2.6220226287841797,0.6741293532338308,,,,0.0002
36,287600,2.570067882537842,0.6870925684485006,,,,0.0002
36,287700,2.6756396293640137,0.6921965317919075,,,,0.0002
36,287800,2.571575164794922,0.7104194857916103,,,,0.0002
36,287900,2.600853681564331,0.6704225352112676,,,,0.0002
36,288000,2.579256057739258,0.6751336898395722,,,,0.0002
36,288100,2.570146083831787,0.684913217623498,,,,0.0002
36,288200,2.560544013977051,0.6929032258064516,,,,0.0002
36,288300,2.701632022857666,0.6824583866837388,,,,0.0002
36,288400,2.7004494667053223,0.684903748733536,,,,0.0002
36,288500,2.4908971786499023,0.7058823529411765,,,,0.0002
36,288600,2.656144142150879,0.68,,,,0.0002
36,288700,2.812042713165283,0.6439290586630286,,,,0.0002
36,288800,2.6457300186157227,0.6675824175824175,,,,0.0002
36,288900,2.92242693901062,0.6097883597883598,,,,0.0002
36,289000,2.508544445037842,0.7097625329815304,,,,0.0002
36,289100,2.889735460281372,0.6357142857142857,,,,0.0002
36,289200,2.6592459678649902,0.669683257918552,,,,0.0002
36,289300,2.6996545791625977,0.6630565583634176,,,,0.0002
36,289400,2.534106492996216,0.6950067476383266,,,,0.0002
36,289500,2.6013588905334473,0.6824925816023739,,,,0.0002
36,289600,2.6730527877807617,0.667098445595855,,,,0.0002
36,289700,2.8496193885803223,0.6431478968792401,,,,0.0002
36,289800,2.730851411819458,0.6395833333333333,,,,0.0002
36,289900,2.7207319736480713,0.6715976331360947,,,,0.0002
36,290000,2.725339412689209,0.6854741896758704,,,,0.0002
36,290100,2.8284454345703125,0.6456009913258984,,,,0.0002
36,290200,2.8177199363708496,0.6380832282471627,,,,0.0002
36,290300,2.700295925140381,0.6609547123623011,,,,0.0002
36,290400,2.6735072135925293,0.6609271523178808,,,,0.0002
36,290500,2.7737109661102295,0.6356275303643725,,,,0.0002
36,290600,2.7210264205932617,0.6371681415929203,,,,0.0002
36,290700,2.7295193672180176,0.6690042075736325,,,,0.0002
36,290800,2.663231372833252,0.6521739130434783,,,,0.0002
36,290900,2.688472032546997,0.671957671957672,,,,0.0002
36,291000,2.6203510761260986,0.6584022038567493,,,,0.0002
36,291100,2.568303108215332,0.7015384615384616,,,,0.0002
36,291200,2.6740713119506836,0.6687054026503568,,,,0.0002
36,291300,2.548470973968506,0.685064935064935,,,,0.0002
36,291400,2.655658721923828,0.6725543478260869,,,,0.0002
36,291420,,,2.9522853354219785,0.6433078887187532,,
37,291500,2.428555965423584,0.727735368956743,,,,0.0002
37,291600,2.670060157775879,0.6807151979565773,,,,0.0002
37,291700,2.584667682647705,0.6777777777777778,,,,0.0002
37,291800,2.6829869747161865,0.6604026845637584,,,,0.0002
37,291900,2.444387912750244,0.7213352685050798,,,,0.0002
37,292000,2.5302224159240723,0.6884353741496598,,,,0.0002
37,292100,2.5077805519104004,0.7075471698113207,,,,0.0002
37,292200,2.4261765480041504,0.7107692307692308,,,,0.0002
37,292300,2.567484140396118,0.6931659693165969,,,,0.0002
37,292400,2.480942964553833,0.7207446808510638,,,,0.0002
37,292500,2.688262939453125,0.6643741403026134,,,,0.0002
37,292600,2.624621868133545,0.6749672346002621,,,,0.0002
37,292700,2.5669031143188477,0.7023195876288659,,,,0.0002
37,292800,2.4930691719055176,0.6926229508196722,,,,0.0002
37,292900,2.535444498062134,0.7105263157894737,,,,0.0002
37,293000,2.6926605701446533,0.6755504055619931,,,,0.0002
37,293100,2.4564285278320312,0.7087912087912088,,,,0.0002
37,293200,2.564321517944336,0.6671122994652406,,,,0.0002
37,293300,2.6668882369995117,0.6854942233632862,,,,0.0002
37,293400,2.650198459625244,0.6671195652173914,,,,0.0002
37,293500,2.4789841175079346,0.7290715372907154,,,,0.0002
37,293600,2.665327310562134,0.6619385342789598,,,,0.0002
37,293700,2.619173288345337,0.6793893129770993,,,,0.0002
37,293800,2.625638484954834,0.6599690880989181,,,,0.0002
37,293900,2.6663546562194824,0.6514575411913816,,,,0.0002
37,294000,2.5908796787261963,0.6708701134930644,,,,0.0002
37,294100,2.80615234375,0.6356382978723404,,,,0.0002
37,294200,2.672739267349243,0.6736111111111112,,,,0.0002
37,294300,2.6544127464294434,0.6721311475409836,,,,0.0002
37,294400,2.436450481414795,0.7006535947712418,,,,0.0002
37,294500,2.592055320739746,0.672463768115942,,,,0.0002
37,294600,2.4193289279937744,0.7246835443037974,,,,0.0002
37,294700,2.5999903678894043,0.6794554455445545,,,,0.0002
37,294800,2.5219531059265137,0.6988950276243094,,,,0.0002
37,294900,2.5977582931518555,0.6783114992721979,,,,0.0002
37,295000,2.643376350402832,0.6838143036386449,,,,0.0002
37,295100,2.7209620475769043,0.643646408839779,,,,0.0002
37,295200,2.6329736709594727,0.6690962099125365,,,,0.0002
37,295300,2.6286349296569824,0.6651376146788991,,,,0.0002
37,295400,2.8733997344970703,0.6199460916442049,,,,0.0002
37,295500,2.7709712982177734,0.6519944979367263,,,,0.0002
37,295600,2.7738780975341797,0.6573333333333333,,,,0.0002
37,295700,2.5835986137390137,0.6809744779582366,,,,0.0002
37,295800,2.4936201572418213,0.6977777777777778,,,,0.0002
37,295900,2.6649041175842285,0.685857321652065,,,,0.0002
37,296000,2.6781578063964844,0.6438848920863309,,,,0.0002
37,296100,2.8376293182373047,0.625,,,,0.0002
37,296200,2.7156951427459717,0.6599749058971142,,,,0.0002
37,296300,2.73602294921875,0.6380027739251041,,,,0.0002
37,296400,2.6331381797790527,0.6806495263870095,,,,0.0002
37,296500,2.431814193725586,0.7109905020352781,,,,0.0002
37,296600,2.5467562675476074,0.6931690929451287,,,,0.0002
37,296700,2.6109724044799805,0.7023370233702337,,,,0.0002
37,296800,2.5879859924316406,0.6915887850467289,,,,0.0002
37,296900,2.657264471054077,0.6693333333333333,,,,0.0002
37,297000,2.719520092010498,0.6481069042316259,,,,0.0002
37,297100,2.832599639892578,0.6253333333333333,,,,0.0002
37,297200,2.772892713546753,0.6375143843498274,,,,0.0002
37,297300,2.6956992149353027,0.6487252124645893,,,,0.0002
37,297400,2.6312522888183594,0.6788617886178862,,,,0.0002
37,297500,2.6520233154296875,0.6793785310734464,,,,0.0002
37,297600,2.8019967079162598,0.6343085106382979,,,,0.0002
37,297700,2.6660947799682617,0.6723016905071522,,,,0.0002
37,297800,2.5962953567504883,0.6716621253405994,,,,0.0002
37,297900,2.5340986251831055,0.6940700808625337,,,,0.0002
37,298000,2.6970951557159424,0.6657997399219766,,,,0.0002
37,298100,2.6612508296966553,0.6661991584852734,,,,0.0002
37,298200,2.638840436935425,0.6789808917197452,,,,0.0002
37,298300,2.774118661880493,0.6563706563706564,,,,0.0002
37,298400,2.479206085205078,0.7013574660633484,,,,0.0002
37,298500,2.724827289581299,0.6573875802997858,,,,0.0002
37,298600,2.8141050338745117,0.6321381142098274,,,,0.0002
37,298700,2.5617728233337402,0.695364238410596,,,,0.0002
37,298800,2.816929340362549,0.6471291866028708,,,,0.0002
37,298900,2.679959297180176,0.6618798955613577,,,,0.0002
37,299000,2.6389496326446533,0.6702412868632708,,,,0.0002
37,299100,2.5169098377227783,0.7039764359351989,,,,0.0002
37,299200,2.585615396499634,0.6822157434402333,,,,0.0002
37,299300,2.623494863510132,0.6684210526315789,,,,0.0002
37,299400,2.6704845428466797,0.6705202312138728,,,,0.0002
37,299500,2.6907482147216797,0.6394052044609665,,,,0.0002
37,299515,,,2.9543144015272227,0.6431253123032686,,
38,299600,2.651083469390869,0.6741573033707865,,,,0.0002
38,299700,2.5151798725128174,0.7042889390519187,,,,0.0002
38,299800,2.568241596221924,0.703989703989704,,,,0.0002
38,299900,2.4960923194885254,0.6881258941344778,,,,0.0002
38,300000,2.531139373779297,0.6830015313935681,,,,0.0002
38,300100,2.529582977294922,0.6897905759162304,,,,0.0002
38,300200,2.6952548027038574,0.6543352601156069,,,,0.0002
38,300300,2.502560615539551,0.6961178045515395,,,,0.0002
38,300400,2.458045482635498,0.7202141900937081,,,,0.0002
38,300500,2.6782870292663574,0.6734143049932524,,,,0.0002
38,300600,2.6484532356262207,0.6481958762886598,,,,0.0002
38,300700,2.5867080688476562,0.6894409937888198,,,,0.0002
38,300800,2.5944268703460693,0.6620253164556962,,,,0.0002
38,300900,2.4694337844848633,0.6965811965811965,,,,0.0002
38,301000,2.6506924629211426,0.6698795180722892,,,,0.0002
38,301100,2.5948121547698975,0.6591511936339522,,,,0.0002
38,301200,2.5910487174987793,0.6804979253112033,,,,0.0002
38,301300,2.5266408920288086,0.6935866983372921,,,,0.0002
38,301400,2.5507168769836426,0.6945080091533181,,,,0.0002
38,301500,2.736128330230713,0.6534391534391535,,,,0.0002
38,301600,2.5266542434692383,0.696319018404908,,,,0.0002
38,301700,2.6870882511138916,0.6807980049875312,,,,0.0002
38,301800,2.5812911987304688,0.6846057571964956,,,,0.0002
38,301900,2.683992862701416,0.665868263473054,,,,0.0002
38,302000,2.6106081008911133,0.6671122994652406,,,,0.0002
38,302100,2.7300381660461426,0.655,,,,0.0002
38,302200,2.5629923343658447,0.7020408163265306,,,,0.0002
38,302300,2.599616527557373,0.6770981507823614,,,,0.0002
38,302400,2.485093116760254,0.7002518891687658,,,,0.0002
38,302500,2.6121912002563477,0.6731843575418994,,,,0.0002
38,302600,2.552931785583496,0.69185360094451,,,,0.0002
38,302700,2.695221185684204,0.6682080924855491,,,,0.0002
38,302800,2.5574791431427,0.6802096985583224,,,,0.0002
38,302900,2.596653938293457,0.6718346253229974,,,,0.0002
38,303000,2.5003480911254883,0.682962962962963,,,,0.0002
38,303100,2.5894875526428223,0.6892086330935252,,,,0.0002
38,303200,2.4939706325531006,0.7077562326869806,,,,0.0002
38,303300,2.5731279850006104,0.6771428571428572,,,,0.0002
38,303400,2.7369418144226074,0.6666666666666666,,,,0.0002
38,303500,2.803008794784546,0.6334355828220859,,,,0.0002
38,303600,2.7070465087890625,0.6452879581151832,,,,0.0002
38,303700,2.6182570457458496,0.6746268656716418,,,,0.0002
38,303800,2.7037549018859863,0.6666666666666666,,,,0.0002
38,303900,2.573530912399292,0.704630788485607,,,,0.0002
38,304000,2.6048035621643066,0.6705539358600583,,,,0.0002
38,304100,2.7450952529907227,0.6526162790697675,,,,0.0002
38,304200,2.6892406940460205,0.669849931787176,,,,0.0002
38,304300,2.670950174331665,0.6601941747572816,,,,0.0002
38,304400,2.545598030090332,0.701534170153417,,,,0.0002
38,304500,2.7579619884490967,0.6364764267990074,,,,0.0002
38,304600,2.853691577911377,0.6292134831460674,,,,0.0002
38,304700,2.623400926589966,0.6931677018633541,,,,0.0002
38,304800,2.654707431793213,0.6526195899772209,,,,0.0002
38,304900,2.639981269836426,0.6968449931412894,,,,0.0002
38,305000,2.8514397144317627,0.6583783783783784,,,,0.0002
38,305100,2.660186290740967,0.6785260482846251,,,,0.0002
38,305200,2.780534267425537,0.6497524752475248,,,,0.0002
38,305300,2.821523666381836,0.6352657004830918,,,,0.0002
38,305400,2.756122589111328,0.6510480887792849,,,,0.0002
38,305500,2.7277865409851074,0.6530612244897959,,,,0.0002
38,305600,2.857994556427002,0.6253333333333333,,,,0.0002
38,305700,2.7006683349609375,0.6485819975339088,,,,0.0002
38,305800,2.7063632011413574,0.6553238199780461,,,,0.0002
38,305900,2.681440830230713,0.669761273209549,,,,0.0002
38,306000,2.5879502296447754,0.6719787516600265,,,,0.0002
38,306100,2.692404270172119,0.6641414141414141,,,,0.0002
38,306200,2.6899709701538086,0.6569250317662008,,,,0.0002
38,306300,2.6691365242004395,0.6509090909090909,,,,0.0002
38,306400,2.679151773452759,0.6352459016393442,,,,0.0002
38,306500,2.81704044342041,0.6287787182587666,,,,0.0002
38,306600,2.6239447593688965,0.696969696969697,,,,0.0002
38,306700,2.606879472732544,0.6975476839237057,,,,0.0002
38,306800,2.7208850383758545,0.6392757660167131,,,,0.0002
38,306900,2.5047988891601562,0.6872427983539094,,,,0.0002
38,307000,2.6059417724609375,0.662015503875969,,,,0.0002
38,307100,2.680467367172241,0.6735294117647059,,,,0.0002
38,307200,2.8572287559509277,0.6266349583828775,,,,0.0002
38,307300,2.6626529693603516,0.6578616352201258,,,,0.0002
38,307400,2.799781322479248,0.6389261744966444,,,,0.0002
38,307500,2.7458415031433105,0.6677667766776678,,,,0.0002
38,307600,2.7548069953918457,0.6346153846153846,,,,0.0002
38,307610,,,2.9500108194018133,0.6428292259437293,,
39,307700,2.5628128051757812,0.708974358974359,,,,0.0002
39,307800,2.4485185146331787,0.7292225201072386,,,,0.0002
39,307900,2.523776054382324,0.6998635743519782,,,,0.0002
39,308000,2.4770822525024414,0.6979332273449921,,,,0.0002
39,308100,2.5680389404296875,0.680998613037448,,,,0.0002
39,308200,2.514058828353882,0.6906565656565656,,,,0.0002
39,308300,2.590996742248535,0.6810673443456162,,,,0.0002
39,308400,2.4454545974731445,0.7057991513437057,,,,0.0002
39,308500,2.487783908843994,0.696927374301676,,,,0.0002
39,308600,2.694632053375244,0.6534090909090909,,,,0.0002
39,308700,2.5650267601013184,0.6801040312093628,,,,0.0002
39,308800,2.742830991744995,0.6555716353111433,,,,0.0002
39,308900,2.5386455059051514,0.7081005586592178,,,,0.0002
39,309000,2.6961097717285156,0.6397790055248619,,,,0.0002
39,309100,2.572836399078369,0.6642958748221907,,,,0.0002
39,309200,2.5806453227996826,0.6892086330935252,,,,0.0002
39,309300,2.5667099952697754,0.6620947630922693,,,,0.0002
39,309400,2.5960135459899902,0.6898817345597897,,,,0.0002
39,309500,2.6817052364349365,0.668848167539267,,,,0.0002
39,309600,2.69319748878479,0.6723744292237442,,,,0.0002
39,309700,2.5147314071655273,0.7123834886817576,,,,0.0002
39,309800,2.6531949043273926,0.6621823617339312,,,,0.0002
39,309900,2.4387879371643066,0.7198879551820728,,,,0.0002
39,310000,2.6639404296875,0.6676136363636364,,,,0.0002
39,310100,2.6516547203063965,0.6627604166666666,,,,0.0002
39,310200,2.621051788330078,0.6513513513513514,,,,0.0002
39,310300,2.5847878456115723,0.6771428571428572,,,,0.0002
39,310400,2.53092622756958,0.7023809523809523,,,,0.0002
39,310500,2.587433338165283,0.6829573934837093,,,,0.0002
39,310600,2.606447458267212,0.6849865951742627,,,,0.0002
39,310700,2.6000137329101562,0.6726804123711341,,,,0.0002
39,310800,2.535269021987915,0.6880733944954128,,,,0.0002
39,310900,2.6844546794891357,0.6598360655737705,,,,0.0002
39,311000,2.4925365447998047,0.7016806722689075,,,,0.0002
39,311100,2.52197265625,0.7114882506527415,,,,0.0002
39,311200,2.5127573013305664,0.7114503816793893,,,,0.0002
39,311300,2.6377906799316406,0.6698412698412698,,,,0.0002
39,311400,2.619594097137451,0.6754807692307693,,,,0.0002
39,311500,2.7228667736053467,0.6572199730094467,,,,0.0002
39,311600,2.591496467590332,0.6698630136986301,,,,0.0002
39,311700,2.7096304893493652,0.6570713391739674,,,,0.0002
39,311800,2.6611666679382324,0.6621823617339312,,,,0.0002
39,311900,2.61426043510437,0.678516228748068,,,,0.0002
39,312000,2.597018241882324,0.6901408450704225,,,,0.0002
39,312100,2.547485113143921,0.7049742710120068,,,,0.0002
39,312200,2.6963677406311035,0.6639455782312925,,,,0.0002
39,312300,2.73397159576416,0.6425992779783394,,,,0.0002
39,312400,2.620345115661621,0.6666666666666666,,,,0.0002
39,312500,2.7616395950317383,0.649616368286445,,,,0.0002
39,312600,2.612457752227783,0.6681286549707602,,,,0.0002
39,312700,2.713855028152466,0.6638772663877266,,,,0.0002
39,312800,2.553283214569092,0.6899618805590851,,,,0.0002
39,312900,2.7098617553710938,0.6707317073170732,,,,0.0002
39,313000,2.647210121154785,0.6723926380368098,,,,0.0002
39,313100,2.579011917114258,0.6809078771695594,,,,0.0002
39,313200,2.6203341484069824,0.684863523573201,,,,0.0002
39,313300,2.538668632507324,0.6925133689839572,,,,0.0002
39,313400,2.6276731491088867,0.6838407494145199,,,,0.0002
39,313500,2.7859389781951904,0.6428571428571429,,,,0.0002
39,313600,2.6576921939849854,0.6640625,,,,0.0002
39,313700,2.682459592819214,0.6578599735799208,,,,0.0002
39,313800,2.8664519786834717,0.6129032258064516,,,,0.0002
39,313900,2.7907752990722656,0.6365740740740741,,,,0.0002
39,314000,2.5723228454589844,0.6844444444444444,,,,0.0002
39,314100,2.6624910831451416,0.6727716727716728,,,,0.0002
39,314200,2.511928081512451,0.6828609986504723,,,,0.0002
39,314300,2.6693334579467773,0.6707616707616708,,,,0.0002
39,314400,2.7545249462127686,0.6631439894319683,,,,0.0002
39,314500,2.698781728744507,0.6523545706371191,,,,0.0002
39,314600,2.507356643676758,0.6936708860759494,,,,0.0002
39,314700,2.6993017196655273,0.6657645466847091,,,,0.0002
39,314800,2.7225592136383057,0.6438188494492044,,,,0.0002
39,314900,2.8284926414489746,0.6363636363636364,,,,0.0002
39,315000,2.7074203491210938,0.6755386565272496,,,,0.0002
39,315100,2.6185524463653564,0.6816770186335404,,,,0.0002
39,315200,2.651634693145752,0.6876675603217158,,,,0.0002
39,315300,2.7071661949157715,0.6560587515299877,,,,0.0002
39,315400,2.7594099044799805,0.6262203626220363,,,,0.0002
39,315500,2.70882511138916,0.6706666666666666,,,,0.0002
39,315600,2.605203151702881,0.6783783783783783,,,,0.0002
39,315700,2.662254571914673,0.6830188679245283,,,,0.0002
39,315705,,,2.949022844867462,0.6423453797292142,,
40,315800,2.5239145755767822,0.711864406779661,,,,0.0002
40,315900,2.5311927795410156,0.6972972972972973,,,,0.0002
40,316000,2.5139269828796387,0.6933701657458563,,,,0.0002
40,316100,2.63240909576416,0.6740196078431373,,,,0.0002
40,316200,2.544853687286377,0.6958277254374159,,,,0.0002
40,316300,2.5067663192749023,0.7072135785007072,,,,0.0002
40,316400,2.6296262741088867,0.6884816753926701,,,,0.0002
40,316500,2.4976468086242676,0.6954102920723226,,,,0.0002
40,316600,2.5378870964050293,0.6884353741496598,,,,0.0002
40,316700,2.643432140350342,0.6633416458852868,,,,0.0002
40,316800,2.516977548599243,0.6827309236947792,,,,0.0002
40,316900,2.4904537200927734,0.7001356852103121,,,,0.0002
40,317000,2.618363380432129,0.7035294117647058,,,,0.0002
40,317100,2.5799169540405273,0.6741854636591479,,,,0.0002
40,317200,2.4539051055908203,0.7023121387283237,,,,0.0002
40,317300,2.517496109008789,0.7048022598870056,,,,0.0002
40,317400,2.6853926181793213,0.6680790960451978,,,,0.0002
40,317500,2.5815086364746094,0.6779448621553885,,,,0.0002
40,317600,2.572774648666382,0.6688654353562006,,,,0.0002
40,317700,2.5747509002685547,0.6845827439886846,,,,0.0002
40,317800,2.6571426391601562,0.6798365122615804,,,,0.0002
40,317900,2.6317906379699707,0.6493827160493827,,,,0.0002
40,318000,2.6024575233459473,0.6773743016759777,,,,0.0002
40,318100,2.6020021438598633,0.6746817538896747,,,,0.0002
40,318200,2.768303871154785,0.6376306620209059,,,,0.0002
40,318300,2.6259944438934326,0.6644144144144144,,,,0.0002
40,318400,2.5517828464508057,0.6774193548387096,,,,0.0002
40,318500,2.6938774585723877,0.6606914212548015,,,,0.0002
40,318600,2.615510940551758,0.674025974025974,,,,0.0002
40,318700,2.633286952972412,0.6717948717948717,,,,0.0002
40,318800,2.682976007461548,0.677382319173364,,,,0.0002
40,318900,2.698413848876953,0.6602941176470588,,,,0.0002
40,319000,2.7152388095855713,0.6469893742621016,,,,0.0002
40,319100,2.5881972312927246,0.6627565982404692,,,,0.0002
40,319200,2.7127630710601807,0.6622340425531915,,,,0.0002
40,319300,2.668814182281494,0.6692913385826772,,,,0.0002
40,319400,2.694455146789551,0.6583924349881797,,,,0.0002
40,319500,2.72062611579895,0.6674669867947179,,,,0.0002
40,319600,2.5153894424438477,0.7097625329815304,,,,0.0002
40,319700,2.6983156204223633,0.6675461741424802,,,,0.0002
40,319800,2.728529453277588,0.6588845654993515,,,,0.0002
40,319900,2.5770604610443115,0.6965865992414665,,,,0.0002
40,320000,2.731545925140381,0.6623222748815166,,,,0.0002
40,320100,2.6972861289978027,0.6734104046242775,,,,0.0002
40,320200,2.5779523849487305,0.6696428571428571,,,,0.0002
40,320300,2.736431360244751,0.6365795724465558,,,,0.0002
40,320400,2.524449348449707,0.6868217054263566,,,,0.0002
40,320500,2.6332736015319824,0.67003367003367,,,,0.0002
40,320600,2.6106436252593994,0.6676427525622255,,,,0.0002
40,320700,2.682009220123291,0.6493011435832274,,,,0.0002
40,320800,2.6573634147644043,0.6702269692923899,,,,0.0002
40,320900,2.762852668762207,0.6609336609336609,,,,0.0002
40,321000,2.630936622619629,0.6735537190082644,,,,0.0002
40,321100,2.5615692138671875,0.6850117096018735,,,,0.0002
40,321200,2.7815065383911133,0.6362530413625304,,,,0.0002
40,321300,2.6682887077331543,0.654275092936803,,,,0.0002
40,321400,2.8395252227783203,0.6415816326530612,,,,0.0002
40,321500,2.707294464111328,0.6670776818742293,,,,0.0002
40,321600,2.626570224761963,0.6738505747126436,,,,0.0002
40,321700,2.7761645317077637,0.645293315143247,,,,0.0002
40,321800,2.740236282348633,0.6473551637279596,,,,0.0002
40,321900,2.5789690017700195,0.6973224679860303,,,,0.0002
40,322000,2.6358461380004883,0.6909323116219668,,,,0.0002
40,322100,2.669802665710449,0.677027027027027,,,,0.0002
40,322200,2.5854897499084473,0.6795422031473534,,,,0.0002
40,322300,2.7288217544555664,0.6560283687943262,,,,0.0002
40,322400,2.814636707305908,0.6339031339031339,,,,0.0002
40,322500,2.7746922969818115,0.6520547945205479,,,,0.0002
40,322600,2.688023090362549,0.6589358799454298,,,,0.0002
40,322700,2.8174400329589844,0.6285425101214575,,,,0.0002
40,322800,2.7993831634521484,0.6346414073071719,,,,0.0002
40,322900,2.7138404846191406,0.6918687589158345,,,,0.0002
40,323000,2.8172364234924316,0.6467836257309941,,,,0.0002
40,323100,2.6691043376922607,0.6710144927536232,,,,0.0002
40,323200,2.7217698097229004,0.6462053571428571,,,,0.0002
40,323300,2.7004714012145996,0.6683937823834197,,,,0.0002
40,323400,2.7854061126708984,0.649584487534626,,,,0.0002
40,323500,2.5552525520324707,0.7006451612903226,,,,0.0002
40,323600,2.5903923511505127,0.6644204851752021,,,,0.0002
40,323700,2.770073890686035,0.6343825665859564,,,,0.0002
40,323800,2.5142948627471924,0.692063492063492,,,,0.0002
40,323800,,,2.94763774214024,0.6426764594446394,30.256218206416293,
41,323900,2.556652069091797,0.6915204678362573,,,,0.0002
41,324000,2.4880332946777344,0.7114503816793893,,,,0.0002
41,324100,2.4965944290161133,0.703125,,,,0.0002
41,324200,2.46596622467041,0.6952526799387443,,,,0.0002
41,324300,2.6819539070129395,0.6589805825242718,,,,0.0002
41,324400,2.4431190490722656,0.7208333333333333,,,,0.0002
41,324500,2.4554553031921387,0.6963562753036437,,,,0.0002
41,324600,2.6672215461730957,0.6591981132075472,,,,0.0002
41,324700,2.4950833320617676,0.6890862944162437,,,,0.0002
41,324800,2.5191972255706787,0.703601108033241,,,,0.0002
41,324900,2.5174031257629395,0.7086513994910941,,,,0.0002
41,325000,2.6186327934265137,0.7004160887656034,,,,0.0002
41,325100,2.77353572845459,0.6522346368715084,,,,0.0002
41,325200,2.4864046573638916,0.6938239159001314,,,,0.0002
41,325300,2.470722198486328,0.6979020979020979,,,,0.0002
41,325400,2.496826410293579,0.6907514450867052,,,,0.0002
41,325500,2.6531741619110107,0.6521181001283697,,,,0.0002
41,325600,2.814697504043579,0.6492082825822169,,,,0.0002
41,325700,2.701691150665283,0.6729323308270677,,,,0.0002
41,325800,2.5134682655334473,0.7092846270928462,,,,0.0002
41,325900,2.6117358207702637,0.6651162790697674,,,,0.0002
41,326000,2.5337674617767334,0.6883963494132985,,,,0.0002
41,326100,2.668323278427124,0.6573333333333333,,,,0.0002
41,326200,2.6426522731781006,0.6586294416243654,,,,0.0002
41,326300,2.625561237335205,0.660904255319149,,,,0.0002
41,326400,2.6336917877197266,0.6832298136645962,,,,0.0002
41,326500,2.670356512069702,0.6569037656903766,,,,0.0002
41,326600,2.616302967071533,0.6719653179190751,,,,0.0002
41,326700,2.51967191696167,0.688,,,,0.0002
41,326800,2.7305986881256104,0.636144578313253,,,,0.0002
41,326900,2.6823606491088867,0.6686967113276492,,,,0.0002
41,327000,2.69394588470459,0.6398046398046398,,,,0.0002
41,327100,2.556429624557495,0.6896120150187734,,,,0.0002
41,327200,2.69520902633667,0.6429530201342282,,,,0.0002
41,327300,2.6154353618621826,0.6761083743842364,,,,0.0002
41,327400,2.645282030105591,0.6854066985645934,,,,0.0002
41,327500,2.6620116233825684,0.6817102137767221,,,,0.0002
41,327600,2.5913496017456055,0.6798245614035088,,,,0.0002
41,327700,2.5335090160369873,0.6921119592875318,,,,0.0002
41,327800,2.6045455932617188,0.6596931659693166,,,,0.0002
41,327900,2.7082369327545166,0.6610778443113773,,,,0.0002
41,328000,2.769556999206543,0.6576923076923077,,,,0.0002
41,328100,2.604020118713379,0.6750285062713797,,,,0.0002
41,328200,2.7308521270751953,0.652542372881356,,,,0.0002
41,328300,2.5775656700134277,0.6920199501246883,,,,0.0002
41,328400,2.7540135383605957,0.6496894409937888,,,,0.0002
41,328500,2.7472848892211914,0.6551312649164678,,,,0.0002
41,328600,2.5420265197753906,0.6815561959654178,,,,0.0002
41,328700,2.85554838180542,0.6108433734939759,,,,0.0002
41,328800,2.6927900314331055,0.6590296495956873,,,,0.0002
41,328900,2.6127166748046875,0.6598984771573604,,,,0.0002
41,329000,2.618805408477783,0.6743886743886743,,,,0.0002
41,329100,2.634431838989258,0.6757105943152455,,,,0.0002
41,329200,2.7249855995178223,0.6337078651685393,,,,0.0002
41,329300,2.7162632942199707,0.6385372714486639,,,,0.0002
41,329400,2.7300384044647217,0.6563814866760168,,,,0.0002
41,329500,2.8050947189331055,0.6357056694813028,,,,0.0002
41,329600,2.663760185241699,0.6981424148606811,,,,0.0002
41,329700,2.6811561584472656,0.6729088639200999,,,,0.0002
41,329800,2.599538803100586,0.6827757125154895,,,,0.0002
41,329900,2.5925686359405518,0.6904761904761905,,,,0.0002
41,330000,2.630497932434082,0.6619047619047619,,,,0.0002
41,330100,2.5534307956695557,0.7115689381933439,,,,0.0002
41,330200,2.5657174587249756,0.7075098814229249,,,,0.0002
41,330300,2.760666847229004,0.6422413793103449,,,,0.0002
41,330400,2.758678913116455,0.65,,,,0.0002
41,330500,2.9298853874206543,0.6037735849056604,,,,0.0002
41,330600,2.6341428756713867,0.6675291073738681,,,,0.0002
41,330700,2.855438709259033,0.6343001261034048,,,,0.0002
41,330800,2.530121326446533,0.6873156342182891,,,,0.0002
41,330900,2.6413354873657227,0.6666666666666666,,,,0.0002
41,331000,2.781792402267456,0.6421188630490956,,,,0.0002
41,331100,2.7206554412841797,0.6501809408926418,,,,0.0002
41,331200,2.8659472465515137,0.6310679611650486,,,,0.0002
41,331300,2.6583967208862305,0.6680440771349863,,,,0.0002
41,331400,2.6177423000335693,0.6822429906542056,,,,0.0002
41,331500,2.720883369445801,0.6778309409888357,,,,0.0002
41,331600,2.666234016418457,0.6657142857142857,,,,0.0002
41,331700,2.704524040222168,0.6646848989298454,,,,0.0002
41,331800,2.8094370365142822,0.6643929058663028,,,,0.0002
41,331895,,,2.9493073905027787,0.642004691538049,,
42,331900,2.4895453453063965,0.7214673913043478,,,,0.0002
42,332000,2.599045515060425,0.6825028968713789,,,,0.0002
42,332100,2.6819112300872803,0.6802259887005649,,,,0.0002
42,332200,2.568795680999756,0.7055630936227951,,,,0.0002
42,332300,2.773599147796631,0.6580645161290323,,,,0.0002
42,332400,2.4586901664733887,0.7212041884816754,,,,0.0002
42,332500,2.669867992401123,0.6641025641025641,,,,0.0002
42,332600,2.544731378555298,0.6924198250728864,,,,0.0002
42,332700,2.377486228942871,0.75,,,,0.0002
42,332800,2.5638771057128906,0.7002923976608187,,,,0.0002
42,332900,2.5131278038024902,0.7036474164133738,,,,0.0002
42,333000,2.557237148284912,0.6904458598726114,,,,0.0002
42,333100,2.6125411987304688,0.6712707182320442,,,,0.0002
42,333200,2.5857434272766113,0.6862745098039216,,,,0.0002
42,333300,2.6156978607177734,0.6920052424639581,,,,0.0002
42,333400,2.56325364112854,0.6765899864682002,,,,0.0002
42,333500,2.6833670139312744,0.679399727148704,,,,0.0002
42,333600,2.60349178314209,0.6670822942643392,,,,0.0002
42,333700,2.7259998321533203,0.6602739726027397,,,,0.0002
42,333800,2.577136754989624,0.6813333333333333,,,,0.0002
42,333900,2.50126051902771,0.7112068965517241,,,,0.0002
42,334000,2.7598114013671875,0.6601307189542484,,,,0.0002
42,334100,2.813173294067383,0.6418835192069393,,,,0.0002
42,334200,2.733774185180664,0.6529680365296804,,,,0.0002
42,334300,2.6873247623443604,0.711764705882353,,,,0.0002
42,334400,2.7581162452697754,0.6399521531100478,,,,0.0002
42,334500,2.435767889022827,0.7228327228327228,,,,0.0002
42,334600,2.640956401824951,0.6703755215577191,,,,0.0002
42,334700,2.609924554824829,0.6764705882352942,,,,0.0002
42,334800,2.619168996810913,0.6792452830188679,,,,0.0002
42,334900,2.6452319622039795,0.671267252195734,,,,0.0002
42,335000,2.711721897125244,0.6476868327402135,,,,0.0002
42,335100,2.7454025745391846,0.6394799054373522,,,,0.0002
42,335200,2.6463623046875,0.676056338028169,,,,0.0002
42,335300,2.6114652156829834,0.6805555555555556,,,,0.0002
42,335400,2.4568042755126953,0.7079136690647482,,,,0.0002
42,335500,2.7372522354125977,0.6357615894039735,,,,0.0002
42,335600,2.675978660583496,0.667578659370725,,,,0.0002
42,335700,2.6113343238830566,0.6857142857142857,,,,0.0002
42,335800,2.680694580078125,0.6596534653465347,,,,0.0002
42,335900,2.731753349304199,0.6488439306358381,,,,0.0002
42,336000,2.6190757751464844,0.688212927756654,,,,0.0002
42,336100,2.615752696990967,0.6628056628056628,,,,0.0002
42,336200,2.6262528896331787,0.6895261845386533,,,,0.0002
42,336300,2.6018314361572266,0.6776406035665294,,,,0.0002
42,336400,2.7364978790283203,0.6336206896551724,,,,0.0002
42,336500,2.730276107788086,0.6632124352331606,,,,0.0002
42,336600,2.636308431625366,0.6735187424425635,,,,0.0002
42,336700,2.6699044704437256,0.6491935483870968,,,,0.0002
42,336800,2.706031322479248,0.6594387755102041,,,,0.0002
42,336900,2.627596378326416,0.6894502228826151,,,,0.0002
42,337000,2.6885645389556885,0.6505847953216374,,,,0.0002
42,337100,2.615421772003174,0.6825396825396826,,,,0.0002
42,337200,2.5587897300720215,0.7131474103585658,,,,0.0002
42,337300,2.718125820159912,0.6424418604651163,,,,0.0002
42,337400,2.7697768211364746,0.6358543417366946,,,,0.0002
42,337500,2.6228137016296387,0.6866096866096866,,,,0.0002
42,337600,2.801196575164795,0.6300518134715026,,,,0.0002
42,337700,2.7119250297546387,0.6547619047619048,,,,0.0002
42,337800,2.5918097496032715,0.6738836265223275,,,,0.0002
42,337900,2.515087366104126,0.7076271186440678,,,,0.0002
42,338000,2.772873878479004,0.6412903225806451,,,,0.0002
42,338100,2.5995097160339355,0.6735751295336787,,,,0.0002
42,338200,2.637057304382324,0.666243654822335,,,,0.0002
42,338300,2.650236129760742,0.6706443914081146,,,,0.0002
42,338400,2.7946465015411377,0.6698369565217391,,,,0.0002
42,338500,2.7641162872314453,0.648124191461837,,,,0.0002
42,338600,2.6510984897613525,0.6825192802056556,,,,0.0002
42,338700,2.6504063606262207,0.6761619190404797,,,,0.0002
42,338800,2.5725860595703125,0.6683087027914614,,,,0.0002
42,338900,2.746181011199951,0.6422466422466423,,,,0.0002
42,339000,2.621108055114746,0.6706231454005934,,,,0.0002
42,339100,2.6172704696655273,0.6906005221932114,,,,0.0002
42,339200,2.735189437866211,0.6604651162790698,,,,0.0002
42,339300,2.721317768096924,0.6701030927835051,,,,0.0002
42,339400,2.5234785079956055,0.6920777279521674,,,,0.0002
42,339500,2.678260326385498,0.6961690885072656,,,,0.0002
42,339600,2.822803020477295,0.6107711138310894,,,,0.0002
42,339700,2.7546627521514893,0.6576319543509273,,,,0.0002
42,339800,2.7035865783691406,0.6553398058252428,,,,0.0002
42,339900,2.7872531414031982,0.6331828442437923,,,,0.0002
42,339990,,,2.9555743634353835,0.640808023297542,,
43,340000,2.414811849594116,0.7215909090909091,,,,0.0002
43,340100,2.5059962272644043,0.6830427892234548,,,,0.0002
43,340200,2.6084327697753906,0.6621067031463749,,,,0.0002
43,340300,2.5210232734680176,0.6878453038674033,,,,0.0002
43,340400,2.5393662452697754,0.6976744186046512,,,,0.0002
43,340500,2.440922260284424,0.7003942181340341,,,,0.0002
43,340600,2.62532114982605,0.6850393700787402,,,,0.0002
43,340700,2.6340065002441406,0.672752808988764,,,,0.0002
43,340800,2.5166420936584473,0.7016129032258065,,,,0.0002
43,340900,2.4347634315490723,0.722007722007722,,,,0.0002
43,341000,2.6040120124816895,0.6911157024793388,,,,0.0002
43,341100,2.6627426147460938,0.6431137724550898,,,,0.0002
43,341200,2.5151190757751465,0.7008196721311475,,,,0.0002
43,341300,2.5518970489501953,0.6951026856240127,,,,0.0002
43,341400,2.6310935020446777,0.6703601108033241,,,,0.0002
43,341500,2.646798849105835,0.6707152496626181,,,,0.0002
43,341600,2.5718321800231934,0.6859060402684564,,,,0.0002
43,341700,2.569305419921875,0.6742209631728046,,,,0.0002
43,341800,2.613264799118042,0.6819923371647509,,,,0.0002
43,341900,2.519822120666504,0.6917510853835022,,,,0.0002
43,342000,2.6339237689971924,0.6828193832599119,,,,0.0002
43,342100,2.651190996170044,0.6738868832731648,,,,0.0002
43,342200,2.6556572914123535,0.668235294117647,,,,0.0002
43,342300,2.5816779136657715,0.7032163742690059,,,,0.0002
43,342400,2.542844772338867,0.6846254927726675,,,,0.0002
43,342500,2.62233304977417,0.6816939890710383,,,,0.0002
43,342600,2.551657199859619,0.6781883194278904,,,,0.0002
43,342700,2.664936065673828,0.6535031847133758,,,,0.0002
43,342800,2.7423758506774902,0.6576923076923077,,,,0.0002
43,342900,2.6350576877593994,0.6798418972332015,,,,0.0002
43,343000,2.7663369178771973,0.643603133159269,,,,0.0002
43,343100,2.7368075847625732,0.6478555304740407,,,,0.0002
43,343200,2.65126895904541,0.695054945054945,,,,0.0002
43,343300,2.751147985458374,0.659316427783903,,,,0.0002
43,343400,2.540942668914795,0.6962750716332379,,,,0.0002
43,343500,2.7429938316345215,0.6441102756892231,,,,0.0002
43,343600,2.665863275527954,0.64125,,,,0.0002
43,343700,2.611497402191162,0.6605080831408776,,,,0.0002
43,343800,2.5137581825256348,0.6973478939157566,,,,0.0002
43,343900,2.7345850467681885,0.6545893719806763,,,,0.0002
43,344000,2.64947509765625,0.6709401709401709,,,,0.0002
43,344100,2.5535812377929688,0.6948748510131109,,,,0.0002
43,344200,2.761956214904785,0.6496969696969697,,,,0.0002
43,344300,2.547334909439087,0.7067082683307332,,,,0.0002
43,344400,2.545444965362549,0.6930555555555555,,,,0.0002
43,344500,2.668369770050049,0.6573816155988857,,,,0.0002
43,344600,2.6972837448120117,0.6507936507936508,,,,0.0002
43,344700,2.5899710655212402,0.6844319775596073,,,,0.0002
43,344800,2.764993667602539,0.6316472114137484,,,,0.0002
43,344900,2.5329253673553467,0.6985714285714286,,,,0.0002
43,345000,2.596776008605957,0.7058823529411765,,,,0.0002
43,345100,2.6845927238464355,0.6697388632872504,,,,0.0002
43,345200,2.688788890838623,0.6662468513853904,,,,0.0002
43,345300,2.6685194969177246,0.6537982565379825,,,,0.0002
43,345400,2.824528694152832,0.6290115532734275,,,,0.0002
43,345500,2.683130979537964,0.6763085399449036,,,,0.0002
43,345600,2.623145580291748,0.674775928297055,,,,0.0002
43,345700,2.521693706512451,0.6709770114942529,,,,0.0002
43,345800,2.6896495819091797,0.665359477124183,,,,0.0002
43,345900,2.601487159729004,0.6834355828220859,,,,0.0002
43,346000,2.699953317642212,0.656671664167916,,,,0.0002
43,346100,2.6984639167785645,0.642754662840746,,,,0.0002
43,346200,2.667175054550171,0.6273972602739726,,,,0.0002
43,346300,2.5859456062316895,0.695,,,,0.0002
43,346400,2.617084503173828,0.6805369127516778,,,,0.0002
43,346500,2.6725802421569824,0.6550060313630881,,,,0.0002
43,346600,2.745898485183716,0.6577540106951871,,,,0.0002
43,346700,2.7908501625061035,0.6271820448877805,,,,0.0002
43,346800,2.606379508972168,0.6770428015564203,,,,0.0002
43,346900,2.626615047454834,0.6670702179176755,,,,0.0002
43,347000,2.809103012084961,0.6227621483375959,,,,0.0002
43,347100,2.8464226722717285,0.6407407407407407,,,,0.0002
43,347200,2.8248183727264404,0.6502590673575129,,,,0.0002
43,347300,2.7394227981567383,0.6524741081703107,,,,0.0002
43,347400,2.621859073638916,0.6970091027308193,,,,0.0002
43,347500,2.68789005279541,0.6737089201877934,,,,0.0002
43,347600,2.7273964881896973,0.6440049443757726,,,,0.0002
43,347700,2.599111318588257,0.676829268292683,,,,0.0002
43,347800,2.5055227279663086,0.6777456647398844,,,,0.0002
43,347900,2.748199939727783,0.6625172890733056,,,,0.0002
43,348000,2.7949719429016113,0.6188630490956072,,,,0.0002
43,348085,,,2.9587820040471895,0.6399811372976276,,
44,348100,2.5087103843688965,0.7008670520231214,,,,0.0002
44,348200,2.499603271484375,0.6901960784313725,,,,0.0002
44,348300,2.5389246940612793,0.6761904761904762,,,,0.0002
44,348400,2.5916519165039062,0.6620775969962454,,,,0.0002
44,348500,2.7347140312194824,0.6317647058823529,,,,0.0002
44,348600,2.530256986618042,0.6900584795321637,,,,0.0002
44,348700,2.5847177505493164,0.7014051522248244,,,,0.0002
44,348800,2.5490641593933105,0.6859395532194481,,,,0.0002
44,348900,2.533804178237915,0.7112582781456953,,,,0.0002
44,349000,2.691890239715576,0.6684141546526867,,,,0.0002
44,349100,2.793367385864258,0.6323353293413174,,,,0.0002
44,349200,2.5969862937927246,0.6677740863787376,,,,0.0002
44,349300,2.707317590713501,0.6616915422885572,,,,0.0002
44,349400,2.754033088684082,0.640117994100295,,,,0.0002
44,349500,2.7722952365875244,0.6187419768934531,,,,0.0002
44,349600,2.561504364013672,0.6807151979565773,,,,0.0002
44,349700,2.567997932434082,0.6883963494132985,,,,0.0002
44,349800,2.691065788269043,0.674775928297055,,,,0.0002
44,349900,2.6482057571411133,0.6736214605067065,,,,0.0002
44,350000,2.583890438079834,0.6584699453551912,,,,0.0002
44,350100,2.589148998260498,0.6805555555555556,,,,0.0002
44,350200,2.574265956878662,0.6842105263157895,,,,0.0002
44,350300,2.7828807830810547,0.6384803921568627,,,,0.0002
44,350400,2.5370051860809326,0.6874051593323217,,,,0.0002
44,350500,2.6478874683380127,0.6585014409221902,,,,0.0002
44,350600,2.738600254058838,0.6211562115621156,,,,0.0002
44,350700,2.610574722290039,0.696551724137931,,,,0.0002
44,350800,2.5297513008117676,0.686092715231788,,,,0.0002
44,350900,2.6093599796295166,0.6964933494558646,,,,0.0002
44,351000,2.6922824382781982,0.6641509433962264,,,,0.0002
44,351100,2.8179454803466797,0.6389937106918239,,,,0.0002
44,351200,2.548250913619995,0.6996047430830039,,,,0.0002
44,351300,2.7165300846099854,0.6527249683143219,,,,0.0002
44,351400,2.5291295051574707,0.69559902200489,,,,0.0002
44,351500,2.5990984439849854,0.6746031746031746,,,,0.0002
44,351600,2.734497547149658,0.6423267326732673,,,,0.0002
44,351700,2.6237194538116455,0.6717095310136157,,,,0.0002
44,351800,2.635700225830078,0.6621438263229308,,,,0.0002
44,351900,2.5932493209838867,0.6930555555555555,,,,0.0002
44,352000,2.5402441024780273,0.7154761904761905,,,,0.0002
44,352100,2.8105971813201904,0.6432098765432098,,,,0.0002
44,352200,2.4556403160095215,0.706111833550065,,,,0.0002
44,352300,2.709871292114258,0.6546134663341646,,,,0.0002
44,352400,2.5356807708740234,0.7144827586206897,,,,0.0002
44,352500,2.554049015045166,0.6899736147757256,,,,0.0002
44,352600,2.690021514892578,0.6509695290858726,,,,0.0002
44,352700,2.7308239936828613,0.6666666666666666,,,,0.0002
44,352800,2.646822214126587,0.6547619047619048,,,,0.0002
44,352900,2.659729480743408,0.6988472622478387,,,,0.0002
44,353000,2.6186306476593018,0.6859154929577465,,,,0.0002
44,353100,2.775733470916748,0.6553341148886284,,,,0.0002
44,353200,2.655614137649536,0.6757865937072504,,,,0.0002
44,353300,2.6403069496154785,0.6863905325443787,,,,0.0002
44,353400,2.7761192321777344,0.6350574712643678,,,,0.0002
44,353500,2.716010570526123,0.6485507246376812,,,,0.0002
44,353600,2.726323127746582,0.6364942528735632,,,,0.0002
44,353700,2.5436348915100098,0.6838905775075987,,,,0.0002
44,353800,2.45773983001709,0.722473604826546,,,,0.0002
44,353900,2.6062374114990234,0.6800618238021638,,,,0.0002
44,354000,2.4814987182617188,0.7091757387247278,,,,0.0002
44,354100,2.6732397079467773,0.6691635455680399,,,,0.0002
44,354200,2.678847551345825,0.6690856313497823,,,,0.0002
44,354300,2.8254833221435547,0.6376089663760897,,,,0.0002
44,354400,2.7425918579101562,0.6577415599534342,,,,0.0002
44,354500,2.763443946838379,0.638961038961039,,,,0.0002
44,354600,2.7665843963623047,0.6400476758045291,,,,0.0002
44,354700,2.9218740463256836,0.5967741935483871,,,,0.0002
44,354800,2.676712989807129,0.673469387755102,,,,0.0002
44,354900,2.5517566204071045,0.6878698224852071,,,,0.0002
44,355000,2.5351977348327637,0.6928571428571428,,,,0.0002
44,355100,2.734919548034668,0.664179104477612,,,,0.0002
44,355200,2.6805200576782227,0.657035175879397,,,,0.0002
44,355300,2.764542579650879,0.6426380368098159,,,,0.0002
44,355400,2.914170265197754,0.6168831168831169,,,,0.0002
44,355500,2.62139892578125,0.66507747318236,,,,0.0002
44,355600,2.6650044918060303,0.6810228802153432,,,,0.0002
44,355700,2.8305296897888184,0.6281690140845071,,,,0.0002
44,355800,2.766939163208008,0.6619217081850534,,,,0.0002
44,355900,2.649697780609131,0.6727272727272727,,,,0.0002
44,356000,2.776762008666992,0.6658446362515413,,,,0.0002
44,356100,2.6789722442626953,0.6705202312138728,,,,0.0002
44,356180,,,2.9574075441143983,0.6396339067305636,,
45,356200,2.563333034515381,0.6781002638522428,,,,0.0001
45,356300,2.5975091457366943,0.6913946587537092,,,,0.0001
45,356400,2.497880697250366,0.6943396226415094,,,,0.0001
45,356500,2.5771915912628174,0.689156626506024,,,,0.0001
45,356600,2.6263833045959473,0.662303664921466,,,,0.0001
45,356700,2.4236831665039062,0.7433862433862434,,,,0.0001
45,356800,2.508280038833618,0.6972833117723156,,,,0.0001
45,356900,2.536412239074707,0.689873417721519,,,,0.0001
45,357000,2.6495327949523926,0.6781214203894617,,,,0.0001
45,357100,2.5042343139648438,0.686777920410783,,,,0.0001
45,357200,2.729294538497925,0.6734177215189874,,,,0.0001
45,357300,2.509498119354248,0.6942934782608695,,,,0.0001
45,357400,2.6011576652526855,0.6917808219178082,,,,0.0001
45,357500,2.464508533477783,0.7101910828025477,,,,0.0001
45,357600,2.54124116897583,0.6822916666666666,,,,0.0001
45,357700,2.5745387077331543,0.7098692033293698,,,,0.0001
45,357800,2.501303195953369,0.7002801120448179,,,,0.0001
45,357900,2.7104568481445312,0.6428571428571429,,,,0.0001
45,358000,2.481410503387451,0.7025,,,,0.0001
45,358100,2.4833273887634277,0.6944818304172274,,,,0.0001
45,358200,2.5822620391845703,0.6864516129032258,,,,0.0001
45,358300,2.6246206760406494,0.6681870011402509,,,,0.0001
45,358400,2.4260783195495605,0.6973180076628352,,,,0.0001
45,358500,2.3985791206359863,0.7283950617283951,,,,0.0001
45,358600,2.5983762741088867,0.6842105263157895,,,,0.0001
45,358700,2.541520833969116,0.6906666666666667,,,,0.0001
45,358800,2.5509493350982666,0.6997319034852547,,,,0.0001
45,358900,2.569199562072754,0.6942752740560292,,,,0.0001
45,359000,2.456589698791504,0.6875,,,,0.0001
45,359100,2.6825506687164307,0.6581081081081082,,,,0.0001
45,359200,2.4883313179016113,0.705547652916074,,,,0.0001
45,359300,2.613691806793213,0.6784260515603799,,,,0.0001
45,359400,2.5621156692504883,0.6968449931412894,,,,0.0001
45,359500,2.679611921310425,0.6596534653465347,,,,0.0001
45,359600,2.643522262573242,0.6745435016111708,,,,0.0001
45,359700,2.4936418533325195,0.6968449931412894,,,,0.0001
45,359800,2.608816146850586,0.6833855799373041,,,,0.0001
45,359900,2.4578728675842285,0.7125154894671624,,,,0.0001
45,360000,2.688770294189453,0.652122641509434,,,,0.0001
45,360100,2.5857675075531006,0.69221260815822,,,,0.0001
45,360200,2.47461199760437,0.7372262773722628,,,,0.0001
45,360300,2.6098837852478027,0.6920152091254753,,,,0.0001
45,360400,2.548793315887451,0.6694101508916324,,,,0.0001
45,360500,2.6514272689819336,0.6661045531197302,,,,0.0001
45,360600,2.572948694229126,0.6766541822721598,,,,0.0001
45,360700,2.6024136543273926,0.6703296703296703,,,,0.0001
45,360800,2.5076189041137695,0.691304347826087,,,,0.0001
45,360900,2.7628960609436035,0.6576354679802956,,,,0.0001
45,361000,2.5937328338623047,0.6822784810126582,,,,0.0001
45,361100,2.662951946258545,0.6629526462395543,,,,0.0001
45,361200,2.6176023483276367,0.686819830713422,,,,0.0001
45,361300,2.6175644397735596,0.6715039577836411,,,,0.0001
45,361400,2.4258522987365723,0.7111650485436893,,,,0.0001
45,361500,2.5662641525268555,0.673697270471464,,,,0.0001
45,361600,2.5482170581817627,0.6908442330558858,,,,0.0001
45,361700,2.6594433784484863,0.6706036745406824,,,,0.0001
45,361800,2.659968376159668,0.6463878326996197,,,,0.0001
45,361900,2.5906243324279785,0.6979166666666666,,,,0.0001
45,362000,2.6700117588043213,0.6846965699208444,,,,0.0001
45,362100,2.473815441131592,0.7050183598531212,,,,0.0001
45,362200,2.53818678855896,0.6887254901960784,,,,0.0001
45,362300,2.791656970977783,0.6277974087161367,,,,0.0001
45,362400,2.5069050788879395,0.7016806722689075,,,,0.0001
45,362500,2.737910270690918,0.661610268378063,,,,0.0001
45,362600,2.478687286376953,0.7204450625869263,,,,0.0001
45,362700,2.5177805423736572,0.7068493150684931,,,,0.0001
45,362800,2.3844592571258545,0.7564469914040115,,,,0.0001
45,362900,2.6410205364227295,0.6839378238341969,,,,0.0001
45,363000,2.4502315521240234,0.7198697068403909,,,,0.0001
45,363100,2.5592455863952637,0.6860025220680959,,,,0.0001
45,363200,2.486196517944336,0.6990801576872536,,,,0.0001
45,363300,2.628713607788086,0.667953667953668,,,,0.0001
45,363400,2.455866813659668,0.7288329519450801,,,,0.0001
45,363500,2.6537861824035645,0.6479250334672021,,,,0.0001
45,363600,2.57071590423584,0.6910569105691057,,,,0.0001
45,363700,2.6098270416259766,0.6843373493975904,,,,0.0001
45,363800,2.5032663345336914,0.7071823204419889,,,,0.0001
45,363900,2.6332626342773438,0.6876712328767123,,,,0.0001
45,364000,2.620213508605957,0.6712328767123288,,,,0.0001
45,364100,2.6188831329345703,0.6910039113428944,,,,0.0001
45,364200,2.5053210258483887,0.6929460580912863,,,,0.0001
45,364275,,,2.9075069265815237,0.6505234527636189,31.965165848953745,
46,364300,2.4394545555114746,0.7232472324723247,,,,0.0001
46,364400,2.475487232208252,0.7030386740331491,,,,0.0001
46,364500,2.3514482975006104,0.7533039647577092,,,,0.0001
46,364600,2.533952236175537,0.679160419790105,,,,0.0001
46,364700,2.59960675239563,0.6754176610978521,,,,0.0001
46,364800,2.386698007583618,0.727391874180865,,,,0.0001
46,364900,2.56540584564209,0.7014428412874584,,,,0.0001
46,365000,2.5343520641326904,0.6942752740560292,,,,0.0001
46,365100,2.671093225479126,0.6638141809290954,,,,0.0001
46,365200,2.6299731731414795,0.658311345646438,,,,0.0001
46,365300,2.432032585144043,0.7100591715976331,,,,0.0001
46,365400,2.6436233520507812,0.6681096681096681,,,,0.0001
46,365500,2.5471038818359375,0.7052932761087267,,,,0.0001
46,365600,2.4270613193511963,0.714859437751004,,,,0.0001
46,365700,2.566967487335205,0.6857142857142857,,,,0.0001
46,365800,2.6676058769226074,0.6671309192200557,,,,0.0001
46,365900,2.4841599464416504,0.714828897338403,,,,0.0001
46,366000,2.4453744888305664,0.7088167053364269,,,,0.0001
46,366100,2.5781683921813965,0.6890951276102089,,,,0.0001
46,366200,2.450810670852661,0.7090680100755667,,,,0.0001
46,366300,2.43218731880188,0.7230769230769231,,,,0.0001
46,366400,2.4158644676208496,0.7142857142857143,,,,0.0001
46,366500,2.554459571838379,0.6907730673316709,,,,0.0001
46,366600,2.5295310020446777,0.6991404011461319,,,,0.0001
46,366700,2.5627408027648926,0.6867816091954023,,,,0.0001
46,366800,2.7135186195373535,0.6469366562824507,,,,0.0001
46,366900,2.6832833290100098,0.6492346938775511,,,,0.0001
46,367000,2.580575466156006,0.7075471698113207,,,,0.0001
46,367100,2.599357843399048,0.6670520231213873,,,,0.0001
46,367200,2.6169252395629883,0.6942148760330579,,,,0.0001
46,367300,2.5163207054138184,0.6971569839307787,,,,0.0001
46,367400,2.6632885932922363,0.6498800959232613,,,,0.0001
46,367500,2.337890148162842,0.747675962815405,,,,0.0001
46,367600,2.5122551918029785,0.7203065134099617,,,,0.0001
46,367700,2.593702554702759,0.6666666666666666,,,,0.0001
46,367800,2.6202902793884277,0.6884561891515995,,,,0.0001
46,367900,2.509890079498291,0.6951048951048951,,,,0.0001
46,368000,2.466841697692871,0.7086956521739131,,,,0.0001
46,368100,2.5874006748199463,0.6845151953690304,,,,0.0001
46,368200,2.590162754058838,0.6765083440308087,,,,0.0001
46,368300,2.494244337081909,0.6914446002805049,,,,0.0001
46,368400,2.5202219486236572,0.7080745341614907,,,,0.0001
46,368500,2.4833104610443115,0.7306064880112835,,,,0.0001
46,368600,2.422807455062866,0.7060975609756097,,,,0.0001
46,368700,2.5653395652770996,0.70062893081761,,,,0.0001
46,368800,2.4195427894592285,0.7054973821989529,,,,0.0001
46,368900,2.55419921875,0.6844380403458213,,,,0.0001
46,369000,2.5806829929351807,0.6890080428954424,,,,0.0001
46,369100,2.7067859172821045,0.6508152173913043,,,,0.0001
46,369200,2.5792396068573,0.6767810026385225,,,,0.0001
46,369300,2.5147461891174316,0.6721311475409836,,,,0.0001
46,369400,2.3429207801818848,0.7434119278779473,,,,0.0001
46,369500,2.4663443565368652,0.7182890855457227,,,,0.0001
46,369600,2.5821456909179688,0.6932668329177057,,,,0.0001
46,369700,2.587120532989502,0.6640726329442282,,,,0.0001
46,369800,2.516249895095825,0.7064220183486238,,,,0.0001
46,369900,2.511211395263672,0.6853055916775033,,,,0.0001
46,370000,2.53658390045166,0.6803874092009685,,,,0.0001
46,370100,2.5917911529541016,0.6906077348066298,,,,0.0001
46,370200,2.49014949798584,0.7214673913043478,,,,0.0001
46,370300,2.504263162612915,0.7016229712858927,,,,0.0001
46,370400,2.4996767044067383,0.7061281337047354,,,,0.0001
46,370500,2.500148296356201,0.6876750700280112,,,,0.0001
46,370600,2.4939775466918945,0.7053206002728513,,,,0.0001
46,370700,2.569037675857544,0.6829590488771466,,,,0.0001
46,370800,2.6377429962158203,0.6801040312093628,,,,0.0001
46,370900,2.5848443508148193,0.6909620991253644,,,,0.0001
46,371000,2.495319128036499,0.7090163934426229,,,,0.0001
46,371100,2.7085278034210205,0.66324200913242,,,,0.0001
46,371200,2.668581485748291,0.6683354192740926,,,,0.0001
46,371300,2.4139938354492188,0.7302405498281787,,,,0.0001
46,371400,2.6491966247558594,0.6666666666666666,,,,0.0001
46,371500,2.5130834579467773,0.6974063400576369,,,,0.0001
46,371600,2.507587194442749,0.7212681638044914,,,,0.0001
46,371700,2.5209274291992188,0.702523240371846,,,,0.0001
46,371800,2.4807825088500977,0.7237410071942446,,,,0.0001
46,371900,2.5599184036254883,0.7016806722689075,,,,0.0001
46,372000,2.651899814605713,0.6749024707412223,,,,0.0001
46,372100,2.6411705017089844,0.6901960784313725,,,,0.0001
46,372200,2.5124082565307617,0.6929577464788732,,,,0.0001
46,372300,2.640923023223877,0.6758530183727034,,,,0.0001
46,372370,,,2.9042546844177113,0.6515301585108692,,
47,372400,2.421741485595703,0.7287104622871047,,,,0.0001
47,372500,2.48956298828125,0.7064748201438849,,,,0.0001
47,372600,2.357379913330078,0.7510204081632653,,,,0.0001
47,372700,2.4344191551208496,0.7053206002728513,,,,0.0001
47,372800,2.544536590576172,0.6947368421052632,,,,0.0001
47,372900,2.489131450653076,0.6866059817945384,,,,0.0001
47,373000,2.49177622795105,0.7005813953488372,,,,0.0001
47,373100,2.4124813079833984,0.7230576441102757,,,,0.0001
47,373200,2.4969334602355957,0.7130434782608696,,,,0.0001
47,373300,2.425447940826416,0.7259684361549498,,,,0.0001
47,373400,2.435605049133301,0.7132262051915945,,,,0.0001
47,373500,2.4973771572113037,0.7042606516290727,,,,0.0001
47,373600,2.5474565029144287,0.6891385767790262,,,,0.0001
47,373700,2.5989701747894287,0.6718562874251497,,,,0.0001
47,373800,2.4274234771728516,0.7141203703703703,,,,0.0001
47,373900,2.527576446533203,0.6951871657754011,,,,0.0001
47,374000,2.3926868438720703,0.7331536388140162,,,,0.0001
47,374100,2.4258179664611816,0.7328947368421053,,,,0.0001
47,374200,2.5597023963928223,0.6982035928143713,,,,0.0001
47,374300,2.491272449493408,0.6978672985781991,,,,0.0001
47,374400,2.579706907272339,0.6666666666666666,,,,0.0001
47,374500,2.519987106323242,0.7113259668508287,,,,0.0001
47,374600,2.6333699226379395,0.6900662251655629,,,,0.0001
47,374700,2.3757686614990234,0.7439678284182306,,,,0.0001
47,374800,2.4922122955322266,0.7106741573033708,,,,0.0001
47,374900,2.571293830871582,0.667828106852497,,,,0.0001
47,375000,2.448941230773926,0.7125,,,,0.0001
47,375100,2.563272476196289,0.6975397973950795,,,,0.0001
47,375200,2.5071144104003906,0.6996753246753247,,,,0.0001
47,375300,2.6910595893859863,0.656060606060606,,,,0.0001
47,375400,2.543464183807373,0.712484237074401,,,,0.0001
47,375500,2.4911551475524902,0.7062146892655368,,,,0.0001
47,375600,2.4979090690612793,0.7037470725995316,,,,0.0001
47,375700,2.4886279106140137,0.7058080808080808,,,,0.0001
47,375800,2.5527660846710205,0.6881720430107527,,,,0.0001
47,375900,2.5284276008605957,0.704225352112676,,,,0.0001
47,376000,2.4732980728149414,0.6856010568031704,,,,0.0001
47,376100,2.3498988151550293,0.7263681592039801,,,,0.0001
47,376200,2.563422679901123,0.6823687752355316,,,,0.0001
47,376300,2.6902503967285156,0.6591865357643759,,,,0.0001
47,376400,2.55330753326416,0.6792963464140731,,,,0.0001
47,376500,2.619229316711426,0.65149359886202,,,,0.0001
47,376600,2.465775966644287,0.7477744807121661,,,,0.0001
47,376700,2.622727394104004,0.6823529411764706,,,,0.0001
47,376800,2.518667697906494,0.6979768786127167,,,,0.0001
47,376900,2.559370994567871,0.6899736147757256,,,,0.0001
47,377000,2.712620735168457,0.6534914361001317,,,,0.0001
47,377100,2.4878153800964355,0.6950067476383266,,,,0.0001
47,377200,2.588876485824585,0.671990171990172,,,,0.0001
47,377300,2.6303610801696777,0.6917385943279901,,,,0.0001
47,377400,2.551509380340576,0.6909090909090909,,,,0.0001
47,377500,2.5240161418914795,0.7007978723404256,,,,0.0001
47,377600,2.384519577026367,0.7251184834123223,,,,0.0001
47,377700,2.463679313659668,0.7215909090909091,,,,0.0001
47,377800,2.57051420211792,0.6908045977011494,,,,0.0001
47,377900,2.572577714920044,0.6606060606060606,,,,0.0001
47,378000,2.5039331912994385,0.6964047936085219,,,,0.0001
47,378100,2.702723264694214,0.6497641509433962,,,,0.0001
47,378200,2.6234068870544434,0.6376623376623377,,,,0.0001
47,378300,2.554671049118042,0.663727959697733,,,,0.0001
47,378400,2.4897537231445312,0.717391304347826,,,,0.0001
47,378500,2.6227593421936035,0.6925925925925925,,,,0.0001
47,378600,2.4036808013916016,0.727979274611399,,,,0.0001
47,378700,2.5687239170074463,0.6946564885496184,,,,0.0001
47,378800,2.5847115516662598,0.6679292929292929,,,,0.0001
47,378900,2.60905122756958,0.6784140969162996,,,,0.0001
47,379000,2.7952141761779785,0.6187050359712231,,,,0.0001
47,379100,2.516641139984131,0.7043269230769231,,,,0.0001
47,379200,2.5518250465393066,0.6778523489932886,,,,0.0001
47,379300,2.5340700149536133,0.7029702970297029,,,,0.0001
47,379400,2.6834702491760254,0.6625850340136055,,,,0.0001
47,379500,2.6569161415100098,0.6574202496532594,,,,0.0001
47,379600,2.4742302894592285,0.7122015915119363,,,,0.0001
47,379700,2.5919137001037598,0.6741721854304635,,,,0.0001
47,379800,2.48850154876709,0.7163323782234957,,,,0.0001
47,379900,2.5827770233154297,0.6928838951310862,,,,0.0001
47,380000,2.6147541999816895,0.6756756756756757,,,,0.0001
47,380100,2.597597122192383,0.7034883720930233,,,,0.0001
47,380200,2.6341981887817383,0.6666666666666666,,,,0.0001
47,380300,2.552976131439209,0.6850192061459667,,,,0.0001
47,380400,2.614633560180664,0.690179806362379,,,,0.0001
47,380465,,,2.905835075969607,0.6515193240990786,,
48,380500,2.2412123680114746,0.7654516640253566,,,,0.0001
48,380600,2.4662723541259766,0.7134416543574594,,,,0.0001
48,380700,2.3227977752685547,0.743801652892562,,,,0.0001
48,380800,2.5713717937469482,0.6905055487053021,,,,0.0001
48,380900,2.496077537536621,0.7051442910915935,,,,0.0001
48,381000,2.410860061645508,0.7074468085106383,,,,0.0001
48,381100,2.547121047973633,0.6951219512195121,,,,0.0001
48,381200,2.500748872756958,0.6814159292035398,,,,0.0001
48,381300,2.502338171005249,0.710079275198188,,,,0.0001
48,381400,2.542936325073242,0.6821705426356589,,,,0.0001
48,381500,2.414914846420288,0.7101024890190337,,,,0.0001
48,381600,2.4436445236206055,0.7222963951935915,,,,0.0001
48,381700,2.424661636352539,0.7198443579766537,,,,0.0001
48,381800,2.6672935485839844,0.6699438202247191,,,,0.0001
48,381900,2.6240224838256836,0.6726618705035972,,,,0.0001
48,382000,2.4672961235046387,0.7402088772845953,,,,0.0001
48,382100,2.5375559329986572,0.6741130091984231,,,,0.0001
48,382200,2.587813138961792,0.6889460154241646,,,,0.0001
48,382300,2.4898786544799805,0.7050805452292441,,,,0.0001
48,382400,2.510219097137451,0.699867197875166,,,,0.0001
48,382500,2.414560317993164,0.7278911564625851,,,,0.0001
48,382600,2.457386016845703,0.6919431279620853,,,,0.0001
48,382700,2.48293399810791,0.7297687861271677,,,,0.0001
48,382800,2.5984342098236084,0.6939597315436241,,,,0.0001
48,382900,2.433082103729248,0.691025641025641,,,,0.0001
48,383000,2.405519962310791,0.7420249653259362,,,,0.0001
48,383100,2.349710702896118,0.7394636015325671,,,,0.0001
48,383200,2.4637980461120605,0.6883273164861613,,,,0.0001
48,383300,2.4177846908569336,0.7327823691460055,,,,0.0001
48,383400,2.64369535446167,0.6706192358366272,,,,0.0001
48,383500,2.6088736057281494,0.6807980049875312,,,,0.0001
48,383600,2.5155906677246094,0.7222222222222222,,,,0.0001
48,383700,2.651094675064087,0.684596577017115,,,,0.0001
48,383800,2.5589799880981445,0.6860622462787551,,,,0.0001
48,383900,2.6856613159179688,0.6742138364779874,,,,0.0001
48,384000,2.525012493133545,0.71,,,,0.0001
48,384100,2.594773054122925,0.6834437086092715,,,,0.0001
48,384200,2.5225911140441895,0.6980440097799511,,,,0.0001
48,384300,2.54367995262146,0.7020648967551623,,,,0.0001
48,384400,2.5129194259643555,0.6861979166666666,,,,0.0001
48,384500,2.5044517517089844,0.7103448275862069,,,,0.0001
48,384600,2.455465316772461,0.7159420289855073,,,,0.0001
48,384700,2.5535216331481934,0.6972833117723156,,,,0.0001
48,384800,2.5935006141662598,0.6909294512877939,,,,0.0001
48,384900,2.5312705039978027,0.685290763968073,,,,0.0001
48,385000,2.5846753120422363,0.6580310880829016,,,,0.0001
48,385100,2.6059865951538086,0.6925754060324826,,,,0.0001
48,385200,2.4175267219543457,0.7261009667024705,,,,0.0001
48,385300,2.4809186458587646,0.727403156384505,,,,0.0001
48,385400,2.5779762268066406,0.675776397515528,,,,0.0001
48,385500,2.5126214027404785,0.6699875466998755,,,,0.0001
48,385600,2.511503219604492,0.6947236180904522,,,,0.0001
48,385700,2.546945571899414,0.6854082998661312,,,,0.0001
48,385800,2.5991954803466797,0.6716791979949874,,,,0.0001
48,385900,2.491853713989258,0.7056451612903226,,,,0.0001
48,386000,2.5635175704956055,0.6721536351165981,,,,0.0001
48,386100,2.682931661605835,0.6765140324963073,,,,0.0001
48,386200,2.6198577880859375,0.6671232876712329,,,,0.0001
48,386300,2.588265895843506,0.687248322147651,,,,0.0001
48,386400,2.351411819458008,0.7479806138933764,,,,0.0001
48,386500,2.549083948135376,0.6790697674418604,,,,0.0001
48,386600,2.4653172492980957,0.7172413793103448,,,,0.0001
48,386700,2.415393829345703,0.71375,,,,0.0001
48,386800,2.5213444232940674,0.7044854881266491,,,,0.0001
48,386900,2.5882129669189453,0.6777493606138107,,,,0.0001
48,387000,2.489414691925049,0.7064471879286695,,,,0.0001
48,387100,2.547590494155884,0.6928934010152284,,,,0.0001
48,387200,2.632587194442749,0.6891064871481029,,,,0.0001
48,387300,2.739992618560791,0.6380832282471627,,,,0.0001
48,387400,2.686607599258423,0.6697674418604651,,,,0.0001
48,387500,2.561357259750366,0.6745049504950495,,,,0.0001
48,387600,2.5549025535583496,0.7048969072164949,,,,0.0001
48,387700,2.551541566848755,0.7035714285714286,,,,0.0001
48,387800,2.560788154602051,0.704323570432357,,,,0.0001
48,387900,2.5329108238220215,0.6924315619967794,,,,0.0001
48,388000,2.6245503425598145,0.6820388349514563,,,,0.0001
48,388100,2.6404831409454346,0.6777456647398844,,,,0.0001
48,388200,2.5730209350585938,0.6872370266479664,,,,0.0001
48,388300,2.5643813610076904,0.6936936936936937,,,,0.0001
48,388400,2.5425667762756348,0.713091922005571,,,,0.0001
48,388500,2.4295663833618164,0.7328358208955223,,,,0.0001
48,388560,,,2.9015420622542516,0.6524203663873297,,
49,388600,2.4548659324645996,0.6964980544747081,,,,0.0001
49,388700,2.491321563720703,0.7084870848708487,,,,0.0001
49,388800,2.5085272789001465,0.6722689075630253,,,,0.0001
49,388900,2.381131649017334,0.7192513368983957,,,,0.0001
49,389000,2.5585765838623047,0.6877523553162853,,,,0.0001
49,389100,2.335872173309326,0.7245222929936306,,,,0.0001
49,389200,2.482968807220459,0.7076923076923077,,,,0.0001
49,389300,2.562197685241699,0.6732919254658385,,,,0.0001
49,389400,2.5817065238952637,0.6791314837153196,,,,0.0001
49,389500,2.5359702110290527,0.6766541822721598,,,,0.0001
49,389600,2.4009737968444824,0.7002398081534772,,,,0.0001
49,389700,2.742705821990967,0.6298773690078038,,,,0.0001
49,389800,2.613365650177002,0.6796875,,,,0.0001
49,389900,2.4350831508636475,0.7171581769436998,,,,0.0001
49,390000,2.5161142349243164,0.6943231441048034,,,,0.0001
49,390100,2.604222297668457,0.6671251719394773,,,,0.0001
49,390200,2.5713629722595215,0.6927083333333334,,,,0.0001
49,390300,2.5582528114318848,0.6965174129353234,,,,0.0001
49,390400,2.5771825313568115,0.694708276797829,,,,0.0001
49,390500,2.634795665740967,0.658311345646438,,,,0.0001
49,390600,2.3844985961914062,0.7059679767103348,,,,0.0001
49,390700,2.434962749481201,0.7400568181818182,,,,0.0001
49,390800,2.5972790718078613,0.6662337662337663,,,,0.0001
49,390900,2.5964879989624023,0.692,,,,0.0001
49,391000,2.455336570739746,0.707035755478662,,,,0.0001
49,391100,2.4884185791015625,0.6879432624113475,,,,0.0001
49,391200,2.5091447830200195,0.6924177396280401,,,,0.0001
49,391300,2.52736234664917,0.6863207547169812,,,,0.0001
49,391400,2.516286849975586,0.6935270805812418,,,,0.0001
49,391500,2.4471254348754883,0.7188811188811188,,,,0.0001
49,391600,2.5834569931030273,0.6740947075208914,,,,0.0001
49,391700,2.4389309883117676,0.7138964577656676,,,,0.0001
49,391800,2.4266462326049805,0.711211778029445,,,,0.0001
49,391900,2.616823673248291,0.6632302405498282,,,,0.0001
49,392000,2.540332078933716,0.7028639618138425,,,,0.0001
49,392100,2.644782066345215,0.6775510204081633,,,,0.0001
49,392200,2.52886962890625,0.7005347593582888,,,,0.0001
49,392300,2.4788784980773926,0.7077151335311572,,,,0.0001
49,392400,2.4994735717773438,0.6981382978723404,,,,0.0001
49,392500,2.378182888031006,0.7218137254901961,,,,0.0001
49,392600,2.440776824951172,0.7291941875825627,,,,0.0001
49,392700,2.572326421737671,0.6909323116219668,,,,0.0001
49,392800,2.6432080268859863,0.6566265060240963,,,,0.0001
49,392900,2.4813039302825928,0.6888888888888889,,,,0.0001
49,393000,2.597137928009033,0.6913099870298314,,,,0.0001
49,393100,2.5217015743255615,0.705655526992288,,,,0.0001
49,393200,2.492778778076172,0.7043673012318029,,,,0.0001
49,393300,2.540426015853882,0.6926070038910506,,,,0.0001
49,393400,2.4545648097991943,0.6933744221879815,,,,0.0001
49,393500,2.4948811531066895,0.7155172413793104,,,,0.0001
49,393600,2.517752170562744,0.7033792240300375,,,,0.0001
49,393700,2.4832162857055664,0.713903743315508,,,,0.0001
49,393800,2.6231484413146973,0.68125,,,,0.0001
49,393900,2.6010916233062744,0.6710684273709484,,,,0.0001
49,394000,2.5571560859680176,0.6981664315937941,,,,0.0001
49,394100,2.5788331031799316,0.6933514246947082,,,,0.0001
49,394200,2.6027145385742188,0.6727467811158798,,,,0.0001
49,394300,2.5032057762145996,0.703956343792633,,,,0.0001
49,394400,2.5544652938842773,0.6927860696517413,,,,0.0001
49,394500,2.560788631439209,0.706359945872801,,,,0.0001
49,394600,2.520110607147217,0.6945876288659794,,,,0.0001
49,394700,2.4043660163879395,0.7150395778364116,,,,0.0001
49,394800,2.662172555923462,0.6638452237001209,,,,0.0001
49,394900,2.5628623962402344,0.7121019108280254,,,,0.0001
49,395000,2.570624351501465,0.6890756302521008,,,,0.0001
49,395100,2.6403772830963135,0.651307596513076,,,,0.0001
49,395200,2.40909481048584,0.7067448680351907,,,,0.0001
49,395300,2.657351016998291,0.6538952745849298,,,,0.0001
49,395400,2.4369702339172363,0.6745810055865922,,,,0.0001
49,395500,2.5515263080596924,0.6968085106382979,,,,0.0001
49,395600,2.646516799926758,0.6784363177805801,,,,0.0001
49,395700,2.452162027359009,0.7236641221374046,,,,0.0001
49,395800,2.64400053024292,0.6627218934911243,,,,0.0001
49,395900,2.4260668754577637,0.7250324254215305,,,,0.0001
49,396000,2.5789778232574463,0.7017543859649122,,,,0.0001
49,396100,2.6417312622070312,0.683206106870229,,,,0.0001
49,396200,2.620044708251953,0.6586666666666666,,,,0.0001
49,396300,2.5123848915100098,0.7159235668789808,,,,0.0001
49,396400,2.511857271194458,0.6786666666666666,,,,0.0001
49,396500,2.393613338470459,0.7455197132616488,,,,0.0001
49,396600,2.574991226196289,0.7040417209908736,,,,0.0001
49,396655,,,2.898740106467179,0.6518288045038921,,
50,396700,2.3096094131469727,0.7380585516178737,,,,0.0001
50,396800,2.5032687187194824,0.7051282051282052,,,,0.0001
50,396900,2.474459648132324,0.7244186046511628,,,,0.0001
50,397000,2.50373911857605,0.7203065134099617,,,,0.0001
50,397100,2.3692221641540527,0.72264631043257,,,,0.0001
50,397200,2.4539730548858643,0.7086183310533516,,,,0.0001
50,397300,2.4879679679870605,0.7041343669250646,,,,0.0001
50,397400,2.338766098022461,0.7670025188916877,,,,0.0001
50,397500,2.4787778854370117,0.7245430809399478,,,,0.0001
50,397600,2.4207663536071777,0.7301775147928994,,,,0.0001
50,397700,2.4797770977020264,0.711051930758988,,,,0.0001
50,397800,2.4553589820861816,0.7054545454545454,,,,0.0001
50,397900,2.3859548568725586,0.7343283582089553,,,,0.0001
50,398000,2.5998589992523193,0.6822660098522167,,,,0.0001
50,398100,2.6206583976745605,0.6658195679796697,,,,0.0001
50,398200,2.5223190784454346,0.696969696969697,,,,0.0001
50,398300,2.599493980407715,0.6875816993464052,,,,0.0001
50,398400,2.554722309112549,0.6883963494132985,,,,0.0001
50,398500,2.4644010066986084,0.7067039106145251,,,,0.0001
50,398600,2.3952651023864746,0.7233201581027668,,,,0.0001
50,398700,2.4226937294006348,0.7315175097276264,,,,0.0001
50,398800,2.3932323455810547,0.7217261904761905,,,,0.0001
50,398900,2.5051116943359375,0.6943069306930693,,,,0.0001
50,399000,2.505638599395752,0.7167919799498746,,,,0.0001
50,399100,2.606804609298706,0.6809583858764187,,,,0.0001
50,399200,2.542231559753418,0.709043250327654,,,,0.0001
50,399300,2.6744143962860107,0.6619519094766619,,,,0.0001
50,399400,2.4312586784362793,0.7174418604651163,,,,0.0001
50,399500,2.720766305923462,0.6528258362168397,,,,0.0001
50,399600,2.584674119949341,0.6925714285714286,,,,0.0001
50,399700,2.3475916385650635,0.7480314960629921,,,,0.0001
50,399800,2.4679923057556152,0.7017937219730942,,,,0.0001
50,399900,2.5254082679748535,0.6977329974811083,,,,0.0001
50,400000,2.5013623237609863,0.7011349306431274,,,,0.0001
50,400100,2.5743179321289062,0.672463768115942,,,,0.0001
50,400200,2.7351787090301514,0.6338983050847458,,,,0.0001
50,400300,2.5003790855407715,0.6931079323797139,,,,0.0001
50,400400,2.6482810974121094,0.665359477124183,,,,0.0001
50,400500,2.6355137825012207,0.6776232616940582,,,,0.0001
50,400600,2.540572166442871,0.698547215496368,,,,0.0001
50,400700,2.4674735069274902,0.7090163934426229,,,,0.0001
50,400800,2.5549964904785156,0.6827195467422096,,,,0.0001
50,400900,2.47556209564209,0.710334788937409,,,,0.0001
50,401000,2.582846164703369,0.7037037037037037,,,,0.0001
50,401100,2.624148368835449,0.6785109983079526,,,,0.0001
50,401200,2.641902208328247,0.6671214188267395,,,,0.0001
50,401300,2.544483184814453,0.703551912568306,,,,0.0001
50,401400,2.514329195022583,0.7047477744807121,,,,0.0001
50,401500,2.7033538818359375,0.6453558504221955,,,,0.0001
50,401600,2.632615089416504,0.6817610062893081,,,,0.0001
50,401700,2.643929958343506,0.6731770833333334,,,,0.0001
50,401800,2.509577751159668,0.6824034334763949,,,,0.0001
50,401900,2.490286350250244,0.6845238095238095,,,,0.0001
50,402000,2.4281578063964844,0.7199488491048593,,,,0.0001
50,402100,2.4308149814605713,0.72264631043257,,,,0.0001
50,402200,2.390127658843994,0.7215363511659808,,,,0.0001
50,402300,2.6645121574401855,0.6720647773279352,,,,0.0001
50,402400,2.6701245307922363,0.6518072289156627,,,,0.0001
50,402500,2.518141984939575,0.6962785114045619,,,,0.0001
50,402600,2.5744426250457764,0.6796973518284993,,,,0.0001
50,402700,2.582658529281616,0.7064935064935065,,,,0.0001
50,402800,2.6266510486602783,0.6972222222222222,,,,0.0001
50,402900,2.590655565261841,0.6666666666666666,,,,0.0001
50,403000,2.633582592010498,0.6821192052980133,,,,0.0001
50,403100,2.611367702484131,0.6771117166212534,,,,0.0001
50,403200,2.5579047203063965,0.6644993498049415,,,,0.0001
50,403300,2.583827018737793,0.6818757921419518,,,,0.0001
50,403400,2.5993733406066895,0.6905071521456437,,,,0.0001
50,403500,2.5294151306152344,0.6776649746192893,,,,0.0001
50,403600,2.670653820037842,0.6705370101596516,,,,0.0001
50,403700,2.5126171112060547,0.6821378340365682,,,,0.0001
50,403800,2.469198226928711,0.7232796486090776,,,,0.0001
50,403900,2.578291893005371,0.6827676240208878,,,,0.0001
50,404000,2.7101309299468994,0.648578811369509,,,,0.0001
50,404100,2.605072021484375,0.6693877551020408,,,,0.0001
50,404200,2.6200501918792725,0.6968449931412894,,,,0.0001
50,404300,2.6092474460601807,0.6842105263157895,,,,0.0001
50,404400,2.6362085342407227,0.6791946308724832,,,,0.0001
50,404500,2.5924184322357178,0.6745562130177515,,,,0.0001
50,404600,2.6273508071899414,0.6894865525672371,,,,0.0001
50,404700,2.5539870262145996,0.6973684210526315,,,,0.0001
50,404750,,,2.8978845073263635,0.6526651082233801,31.768987064798498,
51,404800,2.4467549324035645,0.7060931899641577,,,,0.0001
51,404900,2.4635331630706787,0.6903765690376569,,,,0.0001
51,405000,2.5482630729675293,0.6823238566131026,,,,0.0001
51,405100,2.4936976432800293,0.6947743467933492,,,,0.0001
51,405200,2.5612130165100098,0.6937142857142857,,,,0.0001
51,405300,2.327531337738037,0.7645348837209303,,,,0.0001
51,405400,2.5312652587890625,0.690179806362379,,,,0.0001
51,405500,2.366122245788574,0.7486631016042781,,,,0.0001
51,405600,2.4944918155670166,0.7053824362606232,,,,0.0001
51,405700,2.6149306297302246,0.6762028608582574,,,,0.0001
51,405800,2.543600082397461,0.7029077117572693,,,,0.0001
51,405900,2.508094072341919,0.7036599763872491,,,,0.0001
51,406000,2.6048479080200195,0.6842723004694836,,,,0.0001
51,406100,2.465769052505493,0.7130620985010707,,,,0.0001
51,406200,2.3827157020568848,0.7262830482115086,,,,0.0001
51,406300,2.4961097240448,0.7006535947712418,,,,0.0001
51,406400,2.6005396842956543,0.6654719235364397,,,,0.0001
51,406500,2.45854115486145,0.6938461538461539,,,,0.0001
51,406600,2.578577995300293,0.6904761904761905,,,,0.0001
51,406700,2.5813028812408447,0.6725304465493911,,,,0.0001
51,406800,2.4522953033447266,0.7287234042553191,,,,0.0001
51,406900,2.605210781097412,0.657258064516129,,,,0.0001
51,407000,2.402817726135254,0.7254901960784313,,,,0.0001
51,407100,2.531165838241577,0.6810228802153432,,,,0.0001
51,407200,2.6681008338928223,0.669050051072523,,,,0.0001
51,407300,2.572070837020874,0.6657754010695187,,,,0.0001
51,407400,2.5427708625793457,0.6838046272493573,,,,0.0001
51,407500,2.626588821411133,0.6752910737386805,,,,0.0001
51,407600,2.457409381866455,0.7029702970297029,,,,0.0001
51,407700,2.4647130966186523,0.7130801687763713,,,,0.0001
51,407800,2.4191858768463135,0.7146254458977408,,,,0.0001
51,407900,2.5982909202575684,0.6687979539641944,,,,0.0001
51,408000,2.4205660820007324,0.7243107769423559,,,,0.0001
51,408100,2.506139039993286,0.7001455604075691,,,,0.0001
51,408200,2.513071060180664,0.7179763186221744,,,,0.0001
51,408300,2.4097084999084473,0.7326732673267327,,,,0.0001
51,408400,2.3989758491516113,0.7169069462647444,,,,0.0001
51,408500,2.5375070571899414,0.7115646258503401,,,,0.0001
51,408600,2.489057779312134,0.6981818181818182,,,,0.0001
51,408700,2.53672456741333,0.7018140589569161,,,,0.0001
51,408800,2.512293815612793,0.7080491132332879,,,,0.0001
51,408900,2.6872150897979736,0.6674968866749689,,,,0.0001
51,409000,2.5424392223358154,0.6954787234042553,,,,0.0001
51,409100,2.591496706008911,0.6931079323797139,,,,0.0001
51,409200,2.50567889213562,0.7014084507042253,,,,0.0001
51,409300,2.4584295749664307,0.7169811320754716,,,,0.0001
51,409400,2.4063913822174072,0.7121212121212122,,,,0.0001
51,409500,2.566378593444824,0.6842767295597484,,,,0.0001
51,409600,2.5024209022521973,0.715258855585831,,,,0.0001
51,409700,2.5037264823913574,0.7142857142857143,,,,0.0001
51,409800,2.553393840789795,0.7051442910915935,,,,0.0001
51,409900,2.4734020233154297,0.7028112449799196,,,,0.0001
51,410000,2.6518287658691406,0.6709601873536299,,,,0.0001
51,410100,2.5549917221069336,0.693029490616622,,,,0.0001
51,410200,2.5634214878082275,0.6990632318501171,,,,0.0001
51,410300,2.4850924015045166,0.7061170212765957,,,,0.0001
51,410400,2.5184288024902344,0.6896551724137931,,,,0.0001
51,410500,2.6337625980377197,0.6662337662337663,,,,0.0001
51,410600,2.682276964187622,0.6566579634464752,,,,0.0001
51,410700,2.6556289196014404,0.6863572433192686,,,,0.0001
51,410800,2.640094757080078,0.6658163265306123,,,,0.0001
51,410900,2.319931983947754,0.7602427921092565,,,,0.0001
51,411000,2.5443062782287598,0.69,,,,0.0001
51,411100,2.513428211212158,0.7050183598531212,,,,0.0001
51,411200,2.586263656616211,0.6710353866317169,,,,0.0001
51,411300,2.614330291748047,0.6870925684485006,,,,0.0001
51,411400,2.5675415992736816,0.6810344827586207,,,,0.0001
51,411500,2.5266270637512207,0.6888068880688807,,,,0.0001
51,411600,2.445493698120117,0.703956343792633,,,,0.0001
51,411700,2.5643014907836914,0.6848484848484848,,,,0.0001
51,411800,2.5843424797058105,0.687012987012987,,,,0.0001
51,411900,2.5746030807495117,0.6962025316455697,,,,0.0001
51,412000,2.6007938385009766,0.6793692509855453,,,,0.0001
51,412100,2.5848565101623535,0.680628272251309,,,,0.0001
51,412200,2.6176047325134277,0.6825613079019074,,,,0.0001
51,412300,2.567525625228882,0.6842783505154639,,,,0.0001
51,412400,2.595231533050537,0.6719367588932806,,,,0.0001
51,412500,2.668719530105591,0.656984785615491,,,,0.0001
51,412600,2.6968026161193848,0.6473372781065089,,,,0.0001
51,412700,2.4677305221557617,0.6940104166666666,,,,0.0001
51,412800,2.746673583984375,0.6426829268292683,,,,0.0001
51,412845,,,2.895328691105626,0.6521730651664587,,
52,412900,2.4671826362609863,0.7221476510067114,,,,0.0001
52,413000,2.41603684425354,0.7211796246648794,,,,0.0001
52,413100,2.5075135231018066,0.6889580093312597,,,,0.0001
52,413200,2.4043381214141846,0.7290015847860539,,,,0.0001
52,413300,2.5363736152648926,0.6923076923076923,,,,0.0001
52,413400,2.4410665035247803,0.7038123167155426,,,,0.0001
52,413500,2.4784841537475586,0.7114624505928854,,,,0.0001
52,413600,2.559563159942627,0.6914893617021277,,,,0.0001
52,413700,2.483247756958008,0.7173601147776184,,,,0.0001
52,413800,2.441240072250366,0.7026627218934911,,,,0.0001
52,413900,2.439761161804199,0.7001375515818432,,,,0.0001
52,414000,2.5246524810791016,0.6904761904761905,,,,0.0001
52,414100,2.566539764404297,0.6850393700787402,,,,0.0001
52,414200,2.4019417762756348,0.7262872628726287,,,,0.0001
52,414300,2.381989002227783,0.7101865136298422,,,,0.0001
52,414400,2.3212554454803467,0.7572413793103449,,,,0.0001
52,414500,2.405999183654785,0.7049861495844876,,,,0.0001
52,414600,2.446207046508789,0.7291399229781772,,,,0.0001
52,414700,2.637880325317383,0.6540880503144654,,,,0.0001
52,414800,2.5391125679016113,0.6746835443037975,,,,0.0001
52,414900,2.409205913543701,0.6955882352941176,,,,0.0001
52,415000,2.5097036361694336,0.7164556962025317,,,,0.0001
52,415100,2.540034770965576,0.6815789473684211,,,,0.0001
52,415200,2.5365798473358154,0.7071320182094082,,,,0.0001
52,415300,2.353285312652588,0.7386363636363636,,,,0.0001
52,415400,2.541491985321045,0.7063711911357341,,,,0.0001
52,415500,2.482424259185791,0.6928374655647382,,,,0.0001
52,415600,2.544966220855713,0.7220125786163522,,,,0.0001
52,415700,2.514789581298828,0.7043795620437956,,,,0.0001
52,415800,2.396453380584717,0.7138769670958512,,,,0.0001
52,415900,2.3495378494262695,0.7507692307692307,,,,0.0001
52,416000,2.612631320953369,0.6705882352941176,,,,0.0001
52,416100,2.4203152656555176,0.7365439093484419,,,,0.0001
52,416200,2.4356024265289307,0.7286624203821656,,,,0.0001
52,416300,2.608485221862793,0.6670854271356784,,,,0.0001
52,416400,2.460773468017578,0.7085365853658536,,,,0.0001
52,416500,2.556306838989258,0.6711051930758988,,,,0.0001
52,416600,2.592837333679199,0.6844207723035952,,,,0.0001
52,416700,2.491335391998291,0.6976456009913259,,,,0.0001
52,416800,2.6111409664154053,0.6850828729281768,,,,0.0001
52,416900,2.39983868598938,0.7224938875305623,,,,0.0001
52,417000,2.393230438232422,0.7123098201936376,,,,0.0001
52,417100,2.621676445007324,0.6918844566712518,,,,0.0001
52,417200,2.5914158821105957,0.7044392523364486,,,,0.0001
52,417300,2.609187364578247,0.6556603773584906,,,,0.0001
52,417400,2.5877938270568848,0.6973518284993695,,,,0.0001
52,417500,2.534071922302246,0.6828309305373526,,,,0.0001
52,417600,2.6571450233459473,0.6475716064757161,,,,0.0001
52,417700,2.408632278442383,0.7127937336814621,,,,0.0001
52,417800,2.6487643718719482,0.6623067776456599,,,,0.0001
52,417900,2.5856406688690186,0.6682986536107711,,,,0.0001
52,418000,2.493236780166626,0.6995447647951442,,,,0.0001
52,418100,2.666752815246582,0.6575875486381323,,,,0.0001
52,418200,2.46551513671875,0.7027777777777777,,,,0.0001
52,418300,2.747494697570801,0.6463768115942029,,,,0.0001
52,418400,2.4582314491271973,0.70267131242741,,,,0.0001
52,418500,2.5849449634552,0.6675496688741722,,,,0.0001
52,418600,2.4665732383728027,0.7089871611982882,,,,0.0001
52,418700,2.524820327758789,0.6900114810562572,,,,0.0001
52,418800,2.4532666206359863,0.696551724137931,,,,0.0001
52,418900,2.5890674591064453,0.6766304347826086,,,,0.0001
52,419000,2.490011692047119,0.7014925373134329,,,,0.0001
52,419100,2.6300559043884277,0.664179104477612,,,,0.0001
52,419200,2.4568607807159424,0.7304347826086957,,,,0.0001
52,419300,2.548062801361084,0.6994301994301995,,,,0.0001
52,419400,2.4930152893066406,0.7155080213903743,,,,0.0001
52,419500,2.664653778076172,0.6850490196078431,,,,0.0001
52,419600,2.613628387451172,0.6590296495956873,,,,0.0001
52,419700,2.690164089202881,0.6524466750313677,,,,0.0001
52,419800,2.621858596801758,0.6703786191536748,,,,0.0001
52,419900,2.5126171112060547,0.7036569987389659,,,,0.0001
52,420000,2.5031991004943848,0.6992574257425742,,,,0.0001
52,420100,2.615311861038208,0.673939393939394,,,,0.0001
52,420200,2.605825901031494,0.6858638743455497,,,,0.0001
52,420300,2.634121894836426,0.6706827309236948,,,,0.0001
52,420400,2.478544235229492,0.7098930481283422,,,,0.0001
52,420500,2.5670149326324463,0.6928191489361702,,,,0.0001
52,420600,2.590569496154785,0.6597938144329897,,,,0.0001
52,420700,2.6025705337524414,0.6783854166666666,,,,0.0001
52,420800,2.6165075302124023,0.6834239130434783,,,,0.0001
52,420900,2.619843006134033,0.6714456391875747,,,,0.0001
52,420940,,,2.8962438660950265,0.652424403671418,,
53,421000,2.520545482635498,0.6958579881656805,,,,0.0001
53,421100,2.4719014167785645,0.7105263157894737,,,,0.0001
53,421200,2.349592685699463,0.7406855439642325,,,,0.0001
53,421300,2.5345330238342285,0.7082352941176471,,,,0.0001
53,421400,2.3674840927124023,0.732360097323601,,,,0.0001
53,421500,2.397522211074829,0.7297668038408779,,,,0.0001
53,421600,2.40427303314209,0.7263464337700145,,,,0.0001
53,421700,2.4427576065063477,0.7235872235872236,,,,0.0001
53,421800,2.570864677429199,0.6819407008086253,,,,0.0001
53,421900,2.4776382446289062,0.6923076923076923,,,,0.0001
53,422000,2.588782787322998,0.687875150060024,,,,0.0001
53,422100,2.4724721908569336,0.6906377204884667,,,,0.0001
53,422200,2.4446346759796143,0.7171561051004637,,,,0.0001
53,422300,2.551957130432129,0.6936067551266586,,,,0.0001
53,422400,2.409585952758789,0.7160664819944599,,,,0.0001
53,422500,2.5505282878875732,0.6981865284974094,,,,0.0001
53,422600,2.5594332218170166,0.6996291718170581,,,,0.0001
53,422700,2.406860828399658,0.707250341997264,,,,0.0001
53,422800,2.5102057456970215,0.7065637065637066,,,,0.0001
53,422900,2.507533550262451,0.7103694874851013,,,,0.0001
53,423000,2.543612241744995,0.6965428937259923,,,,0.0001
53,423100,2.85042142868042,0.6180400890868597,,,,0.0001
53,423200,2.3605501651763916,0.7404371584699454,,,,0.0001
53,423300,2.6368236541748047,0.6869047619047619,,,,0.0001
53,423400,2.3648853302001953,0.7486033519553073,,,,0.0001
53,423500,2.5118327140808105,0.703012912482066,,,,0.0001
53,423600,2.497988700866699,0.7050805452292441,,,,0.0001
53,423700,2.477543354034424,0.7091906721536351,,,,0.0001
53,423800,2.534487247467041,0.6990920881971465,,,,0.0001
53,423900,2.31986141204834,0.7592592592592593,,,,0.0001
53,424000,2.4853620529174805,0.6964980544747081,,,,0.0001
53,424100,2.638427734375,0.6775067750677507,,,,0.0001
53,424200,2.5866003036499023,0.6857476635514018,,,,0.0001
53,424300,2.4200470447540283,0.7192474674384949,,,,0.0001
53,424400,2.5586776733398438,0.6864161849710982,,,,0.0001
53,424500,2.5530271530151367,0.7017543859649122,,,,0.0001
53,424600,2.4965147972106934,0.6985583224115334,,,,0.0001
53,424700,2.6020684242248535,0.6821192052980133,,,,0.0001
53,424800,2.576691150665283,0.6721311475409836,,,,0.0001
53,424900,2.6431808471679688,0.6596534653465347,,,,0.0001
53,425000,2.508155345916748,0.6979310344827586,,,,0.0001
53,425100,2.5955958366394043,0.6708715596330275,,,,0.0001
53,425200,2.6617777347564697,0.6713917525773195,,,,0.0001
53,425300,2.584474563598633,0.65402124430956,,,,0.0001
53,425400,2.524740219116211,0.6863237139272271,,,,0.0001
53,425500,2.576259136199951,0.6834437086092715,,,,0.0001
53,425600,2.6576876640319824,0.6809078771695594,,,,0.0001
53,425700,2.676023483276367,0.6751918158567775,,,,0.0001
53,425800,2.5655436515808105,0.6823104693140795,,,,0.0001
53,425900,2.4387893676757812,0.7090620031796503,,,,0.0001
53,426000,2.44743013381958,0.7216916780354706,,,,0.0001
53,426100,2.5584378242492676,0.6915629322268326,,,,0.0001
53,426200,2.5890073776245117,0.6822157434402333,,,,0.0001
53,426300,2.6030049324035645,0.6507936507936508,,,,0.0001
53,426400,2.5161595344543457,0.7056451612903226,,,,0.0001
53,426500,2.4909846782684326,0.7028985507246377,,,,0.0001
53,426600,2.555807113647461,0.6934404283801874,,,,0.0001
53,426700,2.4399142265319824,0.7073474470734745,,,,0.0001
53,426800,2.801900863647461,0.6339950372208437,,,,0.0001
53,426900,2.4770095348358154,0.7210884353741497,,,,0.0001
53,427000,2.5822699069976807,0.667458432304038,,,,0.0001
53,427100,2.5680017471313477,0.6746268656716418,,,,0.0001
53,427200,2.5932865142822266,0.6723910171730515,,,,0.0001
53,427300,2.679776191711426,0.6473087818696884,,,,0.0001
53,427400,2.6124720573425293,0.6930051813471503,,,,0.0001
53,427500,2.6778435707092285,0.6595744680851063,,,,0.0001
53,427600,2.577298641204834,0.6755407653910149,,,,0.0001
53,427700,2.4868404865264893,0.7140762463343109,,,,0.0001
53,427800,2.601334571838379,0.6904458598726114,,,,0.0001
53,427900,2.542875289916992,0.6822916666666666,,,,0.0001
53,428000,2.434201240539551,0.7255936675461742,,,,0.0001
53,428100,2.5206050872802734,0.6927297668038409,,,,0.0001
53,428200,2.633828639984131,0.6795727636849133,,,,0.0001
53,428300,2.504720449447632,0.685997171145686,,,,0.0001
53,428400,2.6814470291137695,0.6646415552855407,,,,0.0001
53,428500,2.4238791465759277,0.7151335311572701,,,,0.0001
53,428600,2.58780574798584,0.6732673267326733,,,,0.0001
53,428700,2.784341335296631,0.6476426799007444,,,,0.0001
53,428800,2.4998483657836914,0.6971014492753623,,,,0.0001
53,428900,2.5407581329345703,0.6992840095465394,,,,0.0001
53,429000,2.5618059635162354,0.6819923371647509,,,,0.0001
53,429035,,,2.90333837999315,0.6509763349352402,,
54,429100,2.461108684539795,0.7145855194123819,,,,0.0001
54,429200,2.567483901977539,0.6818181818181818,,,,0.0001
54,429300,2.447038173675537,0.7195281782437746,,,,0.0001
54,429400,2.5705227851867676,0.6797153024911032,,,,0.0001
54,429500,2.4810283184051514,0.7140939597315437,,,,0.0001
54,429600,2.465003252029419,0.7104194857916103,,,,0.0001
54,429700,2.5064074993133545,0.706989247311828,,,,0.0001
54,429800,2.6413607597351074,0.6573849878934624,,,,0.0001
54,429900,2.604471206665039,0.6767441860465117,,,,0.0001
54,430000,2.3911221027374268,0.7333333333333333,,,,0.0001
54,430100,2.418097972869873,0.721835883171071,,,,0.0001
54,430200,2.3817601203918457,0.741307371349096,,,,0.0001
54,430300,2.465332508087158,0.7245696400625978,,,,0.0001
54,430400,2.4631567001342773,0.714663143989432,,,,0.0001
54,430500,2.600614547729492,0.6863237139272271,,,,0.0001
54,430600,2.39296817779541,0.7130044843049327,,,,0.0001
54,430700,2.4997801780700684,0.6922077922077922,,,,0.0001
54,430800,2.546203136444092,0.6913099870298314,,,,0.0001
54,430900,2.499431610107422,0.7084398976982097,,,,0.0001
54,431000,2.488813638687134,0.7095046854082999,,,,0.0001
54,431100,2.452613353729248,0.6789473684210526,,,,0.0001
54,431200,2.5159735679626465,0.6984126984126984,,,,0.0001
54,431300,2.4819769859313965,0.6967418546365914,,,,0.0001
54,431400,2.542604684829712,0.6831168831168831,,,,0.0001
54,431500,2.4898557662963867,0.6983471074380165,,,,0.0001
54,431600,2.487427234649658,0.7163958641063516,,,,0.0001
54,431700,2.5303854942321777,0.6901217861975643,,,,0.0001
54,431800,2.678919792175293,0.6492027334851936,,,,0.0001
54,431900,2.5613441467285156,0.6935687263556116,,,,0.0001
54,432000,2.4153084754943848,0.717357910906298,,,,0.0001
54,432100,2.4897541999816895,0.6993103448275862,,,,0.0001
54,432200,2.4463319778442383,0.7184,,,,0.0001
54,432300,2.5733535289764404,0.6791979949874687,,,,0.0001
54,432400,2.5203726291656494,0.6897081413210445,,,,0.0001
54,432500,2.561774969100952,0.7041095890410959,,,,0.0001
54,432600,2.5045089721679688,0.6989247311827957,,,,0.0001
54,432700,2.5376906394958496,0.6848306332842415,,,,0.0001
54,432800,2.444998025894165,0.7130750605326877,,,,0.0001
54,432900,2.5750958919525146,0.6967005076142132,,,,0.0001
54,433000,2.551417827606201,0.6910569105691057,,,,0.0001
54,433100,2.543102979660034,0.7039764359351989,,,,0.0001
54,433200,2.4636194705963135,0.7136986301369863,,,,0.0001
54,433300,2.529520034790039,0.682648401826484,,,,0.0001
54,433400,2.686634063720703,0.6584415584415585,,,,0.0001
54,433500,2.706019878387451,0.6871794871794872,,,,0.0001
54,433600,2.617729663848877,0.6762028608582574,,,,0.0001
54,433700,2.511728525161743,0.696551724137931,,,,0.0001
54,433800,2.6141881942749023,0.6881313131313131,,,,0.0001
54,433900,2.5162758827209473,0.6919060052219321,,,,0.0001
54,434000,2.5800395011901855,0.6860158311345647,,,,0.0001
54,434100,2.3859500885009766,0.7335858585858586,,,,0.0001
54,434200,2.656263828277588,0.6649076517150396,,,,0.0001
54,434300,2.481919765472412,0.708029197080292,,,,0.0001
54,434400,2.6277616024017334,0.6909323116219668,,,,0.0001
54,434500,2.5355641841888428,0.6865079365079365,,,,0.0001
54,434600,2.5203757286071777,0.6959370904325033,,,,0.0001
54,434700,2.5850677490234375,0.6759776536312849,,,,0.0001
54,434800,2.5665433406829834,0.6880856760374833,,,,0.0001
54,434900,2.4638218879699707,0.7176781002638523,,,,0.0001
54,435000,2.476823568344116,0.7116402116402116,,,,0.0001
54,435100,2.6164772510528564,0.6748387096774193,,,,0.0001
54,435200,2.6198110580444336,0.6827309236947792,,,,0.0001
54,435300,2.643747329711914,0.6527068437180796,,,,0.0001
54,435400,2.6240339279174805,0.6800554016620498,,,,0.0001
54,435500,2.5158400535583496,0.7028061224489796,,,,0.0001
54,435600,2.432149887084961,0.7276785714285714,,,,0.0001
54,435700,2.5849781036376953,0.6791979949874687,,,,0.0001
54,435800,2.7537906169891357,0.6429418742586003,,,,0.0001
54,435900,2.5395073890686035,0.6980132450331126,,,,0.0001
54,436000,2.67526912689209,0.6788732394366197,,,,0.0001
54,436100,2.474675178527832,0.6980392156862745,,,,0.0001
54,436200,2.5374655723571777,0.6992084432717678,,,,0.0001
54,436300,2.44185471534729,0.7205240174672489,,,,0.0001
54,436400,2.4057371616363525,0.7107231920199502,,,,0.0001
54,436500,2.7094407081604004,0.6618357487922706,,,,0.0001
54,436600,2.470587730407715,0.6925170068027211,,,,0.0001
54,436700,2.5472960472106934,0.6878531073446328,,,,0.0001
54,436800,2.851353645324707,0.6499416569428238,,,,0.0001
54,436900,2.667691707611084,0.6493184634448576,,,,0.0001
54,437000,2.39217472076416,0.7198391420911529,,,,0.0001
54,437100,2.6277225017547607,0.6790830945558739,,,,0.0001
54,437130,,,2.903902691998221,0.6511338673891756,,
55,437200,2.326911449432373,0.7465321563682219,,,,0.0001
55,437300,2.465599536895752,0.7126288659793815,,,,0.0001
55,437400,2.4574673175811768,0.7249322493224932,,,,0.0001
55,437500,2.520684242248535,0.6907514450867052,,,,0.0001
55,437600,2.4391720294952393,0.7289586305278174,,,,0.0001
55,437700,2.400559663772583,0.7376311844077961,,,,0.0001
55,437800,2.4695587158203125,0.7148997134670487,,,,0.0001
55,437900,2.545027017593384,0.6981132075471698,,,,0.0001
55,438000,2.577150344848633,0.692722371967655,,,,0.0001
55,438100,2.5693295001983643,0.6641025641025641,,,,0.0001
55,438200,2.5749380588531494,0.6881720430107527,,,,0.0001
55,438300,2.3148980140686035,0.7347826086956522,,,,0.0001
55,438400,2.508446216583252,0.69140625,,,,0.0001
55,438500,2.603821277618408,0.6838487972508591,,,,0.0001
55,438600,2.5542616844177246,0.6738544474393531,,,,0.0001
55,438700,2.4744677543640137,0.7228915662650602,,,,0.0001
55,438800,2.532383918762207,0.7025171624713958,,,,0.0001
55,438900,2.6065800189971924,0.69921875,,,,0.0001
55,439000,2.504037380218506,0.7016129032258065,,,,0.0001
55,439100,2.5667285919189453,0.6800501882057717,,,,0.0001
55,439200,2.5852861404418945,0.6868131868131868,,,,0.0001
55,439300,2.470158100128174,0.7031847133757961,,,,0.0001
55,439400,2.4187545776367188,0.719718309859155,,,,0.0001
55,439500,2.5106358528137207,0.7023498694516971,,,,0.0001
55,439600,2.4760336875915527,0.7148194271481942,,,,0.0001
55,439700,2.4795470237731934,0.6995708154506438,,,,0.0001
55,439800,2.4623615741729736,0.709592641261498,,,,0.0001
55,439900,2.4261984825134277,0.733957219251337,,,,0.0001
55,440000,2.4044947624206543,0.734338747099768,,,,0.0001
55,440100,2.4888381958007812,0.6940298507462687,,,,0.0001
55,440200,2.5368239879608154,0.6990920881971465,,,,0.0001
55,440300,2.559272289276123,0.6896103896103896,,,,0.0001
55,440400,2.6429426670074463,0.6460843373493976,,,,0.0001
55,440500,2.5899229049682617,0.6933333333333334,,,,0.0001
55,440600,2.5744082927703857,0.6816568047337278,,,,0.0001
55,440700,2.5361902713775635,0.727403156384505,,,,0.0001
55,440800,2.4590377807617188,0.7127659574468085,,,,0.0001
55,440900,2.5573885440826416,0.6993710691823899,,,,0.0001
55,441000,2.554760694503784,0.7150127226463104,,,,0.0001
55,441100,2.6227216720581055,0.6824408468244084,,,,0.0001
55,441200,2.5249626636505127,0.6867627785058977,,,,0.0001
55,441300,2.6808953285217285,0.6584734799482536,,,,0.0001
55,441400,2.6411805152893066,0.6363636363636364,,,,0.0001
55,441500,2.6245198249816895,0.6862745098039216,,,,0.0001
55,441600,2.498300075531006,0.688667496886675,,,,0.0001
55,441700,2.572089195251465,0.6811023622047244,,,,0.0001
55,441800,2.5518345832824707,0.669971671388102,,,,0.0001
55,441900,2.6626110076904297,0.6687422166874222,,,,0.0001
55,442000,2.5328426361083984,0.6951672862453532,,,,0.0001
55,442100,2.4885714054107666,0.7017543859649122,,,,0.0001
55,442200,2.5739595890045166,0.6761904761904762,,,,0.0001
55,442300,2.6695501804351807,0.6571428571428571,,,,0.0001
55,442400,2.556636095046997,0.6973848069738481,,,,0.0001
55,442500,2.4563918113708496,0.7101063829787234,,,,0.0001
55,442600,2.723346710205078,0.6363636363636364,,,,0.0001
55,442700,2.6018218994140625,0.6687737041719343,,,,0.0001
55,442800,2.518937110900879,0.710204081632653,,,,0.0001
55,442900,2.4540839195251465,0.6902887139107612,,,,0.0001
55,443000,2.7033634185791016,0.640251572327044,,,,0.0001
55,443100,2.6069793701171875,0.6844059405940595,,,,0.0001
55,443200,2.6477527618408203,0.6817625458996328,,,,0.0001
55,443300,2.5531113147735596,0.6894484412470024,,,,0.0001
55,443400,2.643218994140625,0.6739974126778784,,,,0.0001
55,443500,2.4663970470428467,0.7132262051915945,,,,0.0001
55,443600,2.506417751312256,0.7038567493112947,,,,0.0001
55,443700,2.6501715183258057,0.6704119850187266,,,,0.0001
55,443800,2.590850830078125,0.680635838150289,,,,0.0001
55,443900,2.5399727821350098,0.6871508379888268,,,,0.0001
55,444000,2.6648993492126465,0.6583769633507853,,,,0.0001
55,444100,2.72310209274292,0.663923182441701,,,,0.0001
55,444200,2.617642879486084,0.6749024707412223,,,,0.0001
55,444300,2.679800510406494,0.6563944530046225,,,,0.0001
55,444400,2.528062105178833,0.6969253294289898,,,,0.0001
55,444500,2.5604186058044434,0.6826516220028209,,,,0.0001
55,444600,2.473233222961426,0.7164179104477612,,,,0.0001
55,444700,2.6837258338928223,0.6631716906946264,,,,0.0001
55,444800,2.571011543273926,0.6771879483500718,,,,0.0001
55,444900,2.6239333152770996,0.6532544378698225,,,,0.0001
55,445000,2.6202573776245117,0.6644823066841415,,,,0.0001
55,445100,2.678121566772461,0.6682986536107711,,,,0.0001
55,445200,2.5038363933563232,0.7162576687116564,,,,0.0001
55,445225,,,2.9026064815843204,0.6505003704138546,31.156800058866,
56,445300,2.566441535949707,0.6836616454229433,,,,5e-05
56,445400,2.36120867729187,0.7383798140770252,,,,5e-05
56,445500,2.4907264709472656,0.6940639269406392,,,,5e-05
56,445600,2.3502607345581055,0.7317073170731707,,,,5e-05
56,445700,2.5673370361328125,0.6948130277442702,,,,5e-05
56,445800,2.4003453254699707,0.7340966921119593,,,,5e-05
56,445900,2.424527168273926,0.7071129707112971,,,,5e-05
56,446000,2.4518842697143555,0.7051792828685259,,,,5e-05
56,446100,2.54482364654541,0.7004950495049505,,,,5e-05
56,446200,2.481050968170166,0.7202472952086554,,,,5e-05
56,446300,2.693474292755127,0.6637168141592921,,,,5e-05
56,446400,2.416612148284912,0.7171052631578947,,,,5e-05
56,446500,2.4307472705841064,0.7211981566820277,,,,5e-05
56,446600,2.3476436138153076,0.7643391521197007,,,,5e-05
56,446700,2.3215620517730713,0.7440318302387268,,,,5e-05
56,446800,2.55580472946167,0.6805385556915544,,,,5e-05
56,446900,2.40360164642334,0.7161629434954008,,,,5e-05
56,447000,2.4226438999176025,0.7314662273476112,,,,5e-05
56,447100,2.4852705001831055,0.7188703465982028,,,,5e-05
56,447200,2.5380659103393555,0.6836158192090396,,,,5e-05
56,447300,2.4141082763671875,0.7045790251107829,,,,5e-05
56,447400,2.5243635177612305,0.6996197718631179,,,,5e-05
56,447500,2.4713943004608154,0.7044392523364486,,,,5e-05
56,447600,2.555940628051758,0.6857142857142857,,,,5e-05
56,447700,2.4840176105499268,0.7005649717514124,,,,5e-05
56,447800,2.6027395725250244,0.685640362225097,,,,5e-05
56,447900,2.4336090087890625,0.7062146892655368,,,,5e-05
56,448000,2.530043840408325,0.6936813186813187,,,,5e-05
56,448100,2.530531406402588,0.672316384180791,,,,5e-05
56,448200,2.5550482273101807,0.6802325581395349,,,,5e-05
56,448300,2.561234951019287,0.6966292134831461,,,,5e-05
56,448400,2.463028907775879,0.7304582210242587,,,,5e-05
56,448500,2.4455342292785645,0.7243994943109987,,,,5e-05
56,448600,2.4164724349975586,0.6957104557640751,,,,5e-05
56,448700,2.516716480255127,0.7025089605734767,,,,5e-05
56,448800,2.39778995513916,0.7223719676549866,,,,5e-05
56,448900,2.3852319717407227,0.7386196769456681,,,,5e-05
56,449000,2.4416584968566895,0.7249417249417249,,,,5e-05
56,449100,2.47088360786438,0.698992443324937,,,,5e-05
56,449200,2.509678840637207,0.7002617801047121,,,,5e-05
56,449300,2.4804062843322754,0.7077326343381389,,,,5e-05
56,449400,2.463423252105713,0.7228464419475655,,,,5e-05
56,449500,2.5372815132141113,0.6792035398230089,,,,5e-05
56,449600,2.3830645084381104,0.7161803713527851,,,,5e-05
56,449700,2.43003511428833,0.712258064516129,,,,5e-05
56,449800,2.598362445831299,0.6770428015564203,,,,5e-05
56,449900,2.473487377166748,0.7098039215686275,,,,5e-05
56,450000,2.5862913131713867,0.7070063694267515,,,,5e-05
56,450100,2.5149598121643066,0.7087126137841352,,,,5e-05
56,450200,2.6317362785339355,0.6678445229681979,,,,5e-05
56,450300,2.5266060829162598,0.685472496473907,,,,5e-05
56,450400,2.42936372756958,0.7209302325581395,,,,5e-05
56,450500,2.538930892944336,0.6954933008526187,,,,5e-05
56,450600,2.536233425140381,0.6837837837837838,,,,5e-05
56,450700,2.636516809463501,0.6823361823361823,,,,5e-05
56,450800,2.337235927581787,0.7333333333333333,,,,5e-05
56,450900,2.5506432056427,0.7084592145015106,,,,5e-05
56,451000,2.4898014068603516,0.7154696132596685,,,,5e-05
56,451100,2.6393911838531494,0.667741935483871,,,,5e-05
56,451200,2.4412918090820312,0.7097591888466414,,,,5e-05
56,451300,2.490478992462158,0.6937669376693767,,,,5e-05
56,451400,2.4484610557556152,0.7007786429365962,,,,5e-05
56,451500,2.578839063644409,0.6725543478260869,,,,5e-05
56,451600,2.6451361179351807,0.6680851063829787,,,,5e-05
56,451700,2.5236120223999023,0.7063679245283019,,,,5e-05
56,451800,2.363712787628174,0.7171581769436998,,,,5e-05
56,451900,2.6094231605529785,0.6916201117318436,,,,5e-05
56,452000,2.462529182434082,0.7115097159940209,,,,5e-05
56,452100,2.4931116104125977,0.7049180327868853,,,,5e-05
56,452200,2.4802043437957764,0.6972222222222222,,,,5e-05
56,452300,2.479588747024536,0.7023195876288659,,,,5e-05
56,452400,2.558879852294922,0.6916461916461917,,,,5e-05
56,452500,2.3584647178649902,0.7538461538461538,,,,5e-05
56,452600,2.4959053993225098,0.7008310249307479,,,,5e-05
56,452700,2.476126194000244,0.7053206002728513,,,,5e-05
56,452800,2.542717933654785,0.6953125,,,,5e-05
56,452900,2.6577935218811035,0.6586345381526104,,,,5e-05
56,453000,2.3881735801696777,0.7226277372262774,,,,5e-05
56,453100,2.4610378742218018,0.6898470097357441,,,,5e-05
56,453200,2.5250589847564697,0.6892980437284235,,,,5e-05
56,453300,2.6320953369140625,0.6751592356687898,,,,5e-05
56,453320,,,2.8789414836308453,0.6558947858833654,,
57,453400,2.4646060466766357,0.706266318537859,,,,5e-05
57,453500,2.385542869567871,0.7172995780590717,,,,5e-05
57,453600,2.552123546600342,0.6652719665271967,,,,5e-05
57,453700,2.4847235679626465,0.7131578947368421,,,,5e-05
57,453800,2.4015653133392334,0.7233766233766233,,,,5e-05
57,453900,2.5152058601379395,0.6963276836158192,,,,5e-05
57,454000,2.3209662437438965,0.7670454545454546,,,,5e-05
57,454100,2.442758560180664,0.7343283582089553,,,,5e-05
57,454200,2.4774789810180664,0.7102342786683107,,,,5e-05
57,454300,2.408006191253662,0.7328767123287672,,,,5e-05
57,454400,2.6128058433532715,0.6758321273516642,,,,5e-05
57,454500,2.4532508850097656,0.727854855923159,,,,5e-05
57,454600,2.481557607650757,0.676,,,,5e-05
57,454700,2.5598695278167725,0.6778523489932886,,,,5e-05
57,454800,2.4914112091064453,0.7042079207920792,,,,5e-05
57,454900,2.668463706970215,0.664490861618799,,,,5e-05
57,455000,2.4666671752929688,0.7160839160839161,,,,5e-05
57,455100,2.4321072101593018,0.7134670487106017,,,,5e-05
57,455200,2.574692726135254,0.6808510638297872,,,,5e-05
57,455300,2.430800437927246,0.7186544342507645,,,,5e-05
57,455400,2.536494731903076,0.7008760951188986,,,,5e-05
57,455500,2.555537700653076,0.6902173913043478,,,,5e-05
57,455600,2.5994930267333984,0.6699507389162561,,,,5e-05
57,455700,2.4633331298828125,0.6876675603217158,,,,5e-05
57,455800,2.5787978172302246,0.6801426872770512,,,,5e-05
57,455900,2.4636521339416504,0.7033773861967695,,,,5e-05
57,456000,2.485563278198242,0.7025920873124147,,,,5e-05
57,456100,2.315861940383911,0.7288135593220338,,,,5e-05
57,456200,2.529015064239502,0.6872427983539094,,,,5e-05
57,456300,2.4208779335021973,0.7219251336898396,,,,5e-05
57,456400,2.6056952476501465,0.6923076923076923,,,,5e-05
57,456500,2.5778086185455322,0.6763285024154589,,,,5e-05
57,456600,2.557857036590576,0.7004716981132075,,,,5e-05
57,456700,2.3806099891662598,0.7173295454545454,,,,5e-05
57,456800,2.5140557289123535,0.6963414634146341,,,,5e-05
57,456900,2.6119754314422607,0.6844014510278114,,,,5e-05
57,457000,2.51346492767334,0.696969696969697,,,,5e-05
57,457100,2.5721936225891113,0.68,,,,5e-05
57,457200,2.471850872039795,0.7095541401273885,,,,5e-05
57,457300,2.483069896697998,0.7121621621621622,,,,5e-05
57,457400,2.672797679901123,0.6826801517067004,,,,5e-05
57,457500,2.383134603500366,0.7287671232876712,,,,5e-05
57,457600,2.5568735599517822,0.6951807228915663,,,,5e-05
57,457700,2.4650468826293945,0.6900584795321637,,,,5e-05
57,457800,2.445143222808838,0.7291666666666666,,,,5e-05
57,457900,2.4865379333496094,0.6975476839237057,,,,5e-05
57,458000,2.6500463485717773,0.6778711484593838,,,,5e-05
57,458100,2.469114303588867,0.7190860215053764,,,,5e-05
57,458200,2.485600471496582,0.7119113573407202,,,,5e-05
57,458300,2.675365447998047,0.6681614349775785,,,,5e-05
57,458400,2.435087203979492,0.7050632911392405,,,,5e-05
57,458500,2.439645290374756,0.715674362089915,,,,5e-05
57,458600,2.524397373199463,0.68,,,,5e-05
57,458700,2.3471622467041016,0.7461809635722679,,,,5e-05
57,458800,2.560689687728882,0.7007194244604317,,,,5e-05
57,458900,2.6156256198883057,0.6657963446475196,,,,5e-05
57,459000,2.5924882888793945,0.684981684981685,,,,5e-05
57,459100,2.417529582977295,0.7231222385861561,,,,5e-05
57,459200,2.4847636222839355,0.7216642754662841,,,,5e-05
57,459300,2.5196824073791504,0.7038413878562577,,,,5e-05
57,459400,2.512238025665283,0.6994413407821229,,,,5e-05
57,459500,2.520369052886963,0.717948717948718,,,,5e-05
57,459600,2.539867877960205,0.6793893129770993,,,,5e-05
57,459700,2.5653910636901855,0.662269129287599,,,,5e-05
57,459800,2.5096583366394043,0.7073170731707317,,,,5e-05
57,459900,2.554245948791504,0.6718346253229974,,,,5e-05
57,460000,2.415210723876953,0.7099236641221374,,,,5e-05
57,460100,2.5245566368103027,0.706989247311828,,,,5e-05
57,460200,2.4519388675689697,0.7154566744730679,,,,5e-05
57,460300,2.432581901550293,0.7430830039525692,,,,5e-05
57,460400,2.578305721282959,0.6933333333333334,,,,5e-05
57,460500,2.606800079345703,0.6763959390862944,,,,5e-05
57,460600,2.481621265411377,0.6968553459119496,,,,5e-05
57,460700,2.5803122520446777,0.6771752837326608,,,,5e-05
57,460800,2.5703792572021484,0.6893840104849279,,,,5e-05
57,460900,2.4485063552856445,0.7166172106824926,,,,5e-05
57,461000,2.610854148864746,0.6893333333333334,,,,5e-05
57,461100,2.5656962394714355,0.675764192139738,,,,5e-05
57,461200,2.5028295516967773,0.7335285505124451,,,,5e-05
57,461300,2.4499239921569824,0.7249626307922272,,,,5e-05
57,461400,2.508448600769043,0.7040572792362768,,,,5e-05
57,461415,,,2.8787997429529084,0.6563869908669714,,
58,461500,2.449151039123535,0.7125340599455041,,,,5e-05
58,461600,2.247976779937744,0.7586685159500693,,,,5e-05
58,461700,2.569746732711792,0.688212927756654,,,,5e-05
58,461800,2.3909645080566406,0.7389984825493171,,,,5e-05
58,461900,2.3784611225128174,0.7477707006369426,,,,5e-05
58,462000,2.4742703437805176,0.7069408740359897,,,,5e-05
58,462100,2.4281299114227295,0.7248322147651006,,,,5e-05
58,462200,2.3872618675231934,0.7154046997389034,,,,5e-05
58,462300,2.5499820709228516,0.6775956284153005,,,,5e-05
58,462400,2.463024139404297,0.7190876350540216,,,,5e-05
58,462500,2.4927868843078613,0.6885026737967914,,,,5e-05
58,462600,2.426569938659668,0.7208121827411168,,,,5e-05
58,462700,2.377955913543701,0.7388724035608308,,,,5e-05
58,462800,2.386054039001465,0.7248407643312101,,,,5e-05
58,462900,2.397885322570801,0.7169811320754716,,,,5e-05
58,463000,2.4219727516174316,0.7245762711864406,,,,5e-05
58,463100,2.392374038696289,0.7316455696202532,,,,5e-05
58,463200,2.5005414485931396,0.7028360049321825,,,,5e-05
58,463300,2.472949981689453,0.6953352769679301,,,,5e-05
58,463400,2.601226806640625,0.6554508748317631,,,,5e-05
58,463500,2.5791738033294678,0.6729222520107239,,,,5e-05
58,463600,2.5408501625061035,0.7007481296758105,,,,5e-05
58,463700,2.452251434326172,0.7019774011299436,,,,5e-05
58,463800,2.3938119411468506,0.7310252996005326,,,,5e-05
58,463900,2.5610275268554688,0.6742021276595744,,,,5e-05
58,464000,2.5418479442596436,0.6874205844980941,,,,5e-05
58,464100,2.3555212020874023,0.7496947496947497,,,,5e-05
58,464200,2.4272680282592773,0.7068273092369478,,,,5e-05
58,464300,2.4713950157165527,0.6956521739130435,,,,5e-05
58,464400,2.4481401443481445,0.7084398976982097,,,,5e-05
58,464500,2.484447717666626,0.7061503416856492,,,,5e-05
58,464600,2.4076709747314453,0.7261306532663316,,,,5e-05
58,464700,2.5011796951293945,0.6936936936936937,,,,5e-05
58,464800,2.5231242179870605,0.6881067961165048,,,,5e-05
58,464900,2.5188684463500977,0.703125,,,,5e-05
58,465000,2.5690722465515137,0.6853766617429837,,,,5e-05
58,465100,2.3808584213256836,0.7204301075268817,,,,5e-05
58,465200,2.571904182434082,0.7044198895027625,,,,5e-05
58,465300,2.35727596282959,0.7317073170731707,,,,5e-05
58,465400,2.5773401260375977,0.698159509202454,,,,5e-05
58,465500,2.4242539405822754,0.7069219440353461,,,,5e-05
58,465600,2.4424638748168945,0.7174193548387097,,,,5e-05
58,465700,2.4301586151123047,0.7241867043847242,,,,5e-05
58,465800,2.639556407928467,0.656590084643289,,,,5e-05
58,465900,2.58967924118042,0.6761194029850747,,,,5e-05
58,466000,2.464200496673584,0.709592641261498,,,,5e-05
58,466100,2.626840114593506,0.6857142857142857,,,,5e-05
58,466200,2.587618589401245,0.6957123098201936,,,,5e-05
58,466300,2.5163049697875977,0.7133757961783439,,,,5e-05
58,466400,2.453610420227051,0.7232142857142857,,,,5e-05
58,466500,2.504214286804199,0.7139303482587065,,,,5e-05
58,466600,2.5593857765197754,0.6970760233918128,,,,5e-05
58,466700,2.4186530113220215,0.7389221556886227,,,,5e-05
58,466800,2.400628089904785,0.7247119078104993,,,,5e-05
58,466900,2.5378382205963135,0.6924050632911393,,,,5e-05
58,467000,2.4504733085632324,0.7118402282453637,,,,5e-05
58,467100,2.624817132949829,0.6829268292682927,,,,5e-05
58,467200,2.502531051635742,0.7212713936430318,,,,5e-05
58,467300,2.352755069732666,0.7270341207349081,,,,5e-05
58,467400,2.4051125049591064,0.731974921630094,,,,5e-05
58,467500,2.4668679237365723,0.7109905020352781,,,,5e-05
58,467600,2.63541841506958,0.6491841491841492,,,,5e-05
58,467700,2.5783677101135254,0.6771545827633378,,,,5e-05
58,467800,2.5030980110168457,0.7171837708830548,,,,5e-05
58,467900,2.41886305809021,0.7180232558139535,,,,5e-05
58,468000,2.437915563583374,0.7058823529411765,,,,5e-05
58,468100,2.56347918510437,0.6752037252619325,,,,5e-05
58,468200,2.52842378616333,0.6994301994301995,,,,5e-05
58,468300,2.6133933067321777,0.6629353233830846,,,,5e-05
58,468400,2.5215649604797363,0.7105978260869565,,,,5e-05
58,468500,2.5247344970703125,0.7087667161961367,,,,5e-05
58,468600,2.4391775131225586,0.7114803625377644,,,,5e-05
58,468700,2.384194850921631,0.7391952309985097,,,,5e-05
58,468800,2.44051194190979,0.7052785923753666,,,,5e-05
58,468900,2.5861968994140625,0.6723684210526316,,,,5e-05
58,469000,2.4974002838134766,0.6998799519807923,,,,5e-05
58,469100,2.5585923194885254,0.7088607594936709,,,,5e-05
58,469200,2.540138006210327,0.6877370417193426,,,,5e-05
58,469300,2.5526578426361084,0.6991247264770241,,,,5e-05
58,469400,2.4734580516815186,0.7007194244604317,,,,5e-05
58,469500,2.4927868843078613,0.707286432160804,,,,5e-05
58,469510,,,2.8781923133363825,0.6560817753733738,,
59,469600,2.4970107078552246,0.7060333761232349,,,,5e-05
59,469700,2.365446090698242,0.7449567723342939,,,,5e-05
59,469800,2.327284336090088,0.7366255144032922,,,,5e-05
59,469900,2.42781138420105,0.716927453769559,,,,5e-05
59,470000,2.423046350479126,0.7055306427503737,,,,5e-05
59,470100,2.377079725265503,0.7266922094508301,,,,5e-05
59,470200,2.3592028617858887,0.7409326424870466,,,,5e-05
59,470300,2.4337544441223145,0.7175675675675676,,,,5e-05
59,470400,2.479501485824585,0.7014531043593131,,,,5e-05
59,470500,2.436680316925049,0.7227602905569007,,,,5e-05
59,470600,2.427036762237549,0.7043363994743759,,,,5e-05
59,470700,2.412339448928833,0.7109144542772862,,,,5e-05
59,470800,2.315300226211548,0.7524613220815752,,,,5e-05
59,470900,2.258659839630127,0.7525035765379113,,,,5e-05
59,471000,2.4747157096862793,0.7159235668789808,,,,5e-05
59,471100,2.3604142665863037,0.7355491329479769,,,,5e-05
59,471200,2.3857510089874268,0.7227866473149492,,,,5e-05
59,471300,2.4804654121398926,0.7095541401273885,,,,5e-05
59,471400,2.5921404361724854,0.6743589743589744,,,,5e-05
59,471500,2.492683172225952,0.7024096385542169,,,,5e-05
59,471600,2.422420024871826,0.7028493894165536,,,,5e-05
59,471700,2.431933879852295,0.7043478260869566,,,,5e-05
59,471800,2.53130841255188,0.7141242937853107,,,,5e-05
59,471900,2.3937325477600098,0.7208672086720868,,,,5e-05
59,472000,2.4706289768218994,0.7068965517241379,,,,5e-05
59,472100,2.4080066680908203,0.7256267409470752,,,,5e-05
59,472200,2.5713250637054443,0.663923182441701,,,,5e-05
59,472300,2.5143299102783203,0.6887686062246279,,,,5e-05
59,472400,2.4120078086853027,0.7230769230769231,,,,5e-05
59,472500,2.6244125366210938,0.6514575411913816,,,,5e-05
59,472600,2.432204484939575,0.7187127532777116,,,,5e-05
59,472700,2.564533233642578,0.685971685971686,,,,5e-05
59,472800,2.3833351135253906,0.721763085399449,,,,5e-05
59,472900,2.564378261566162,0.684652278177458,,,,5e-05
59,473000,2.4762167930603027,0.704093567251462,,,,5e-05
59,473100,2.4052326679229736,0.7444168734491315,,,,5e-05
59,473200,2.6057796478271484,0.6819923371647509,,,,5e-05
59,473300,2.589357852935791,0.6563307493540051,,,,5e-05
59,473400,2.4600815773010254,0.7139451728247914,,,,5e-05
59,473500,2.4509363174438477,0.723156532988357,,,,5e-05
59,473600,2.332913875579834,0.7375296912114014,,,,5e-05
59,473700,2.4663782119750977,0.7229987293519695,,,,5e-05
59,473800,2.4578163623809814,0.6947368421052632,,,,5e-05
59,473900,2.493452548980713,0.7032640949554896,,,,5e-05
59,474000,2.54807710647583,0.702523240371846,,,,5e-05
59,474100,2.5267891883850098,0.6950867052023122,,,,5e-05
59,474200,2.2889559268951416,0.7470039946737683,,,,5e-05
59,474300,2.4827065467834473,0.6957671957671958,,,,5e-05
59,474400,2.5332088470458984,0.7079889807162535,,,,5e-05
59,474500,2.4199342727661133,0.7140992167101827,,,,5e-05
59,474600,2.511577606201172,0.6992366412213741,,,,5e-05
59,474700,2.4274637699127197,0.7192771084337349,,,,5e-05
59,474800,2.467395305633545,0.7014925373134329,,,,5e-05
59,474900,2.465939521789551,0.7023643949930459,,,,5e-05
59,475000,2.494769811630249,0.7009472259810555,,,,5e-05
59,475100,2.4944753646850586,0.7212681638044914,,,,5e-05
59,475200,2.6008033752441406,0.6618004866180048,,,,5e-05
59,475300,2.6292996406555176,0.6577946768060836,,,,5e-05
59,475400,2.627845525741577,0.667433831990794,,,,5e-05
59,475500,2.620351791381836,0.6910798122065728,,,,5e-05
59,475600,2.480699062347412,0.6967654986522911,,,,5e-05
59,475700,2.497521162033081,0.68375,,,,5e-05
59,475800,2.6368441581726074,0.674937965260546,,,,5e-05
59,475900,2.4970345497131348,0.7192982456140351,,,,5e-05
59,476000,2.592801570892334,0.670076726342711,,,,5e-05
59,476100,2.508336067199707,0.7051792828685259,,,,5e-05
59,476200,2.4074020385742188,0.7435114503816794,,,,5e-05
59,476300,2.6206188201904297,0.6836283185840708,,,,5e-05
59,476400,2.529141902923584,0.6887052341597796,,,,5e-05
59,476500,2.579911708831787,0.6870925684485006,,,,5e-05
59,476600,2.5497491359710693,0.6451612903225806,,,,5e-05
59,476700,2.4982919692993164,0.6996098829648895,,,,5e-05
59,476800,2.4525699615478516,0.7240915208613729,,,,5e-05
59,476900,2.5273947715759277,0.6937269372693727,,,,5e-05
59,477000,2.475555896759033,0.7027677496991577,,,,5e-05
59,477100,2.52962064743042,0.6716216216216216,,,,5e-05
59,477200,2.5222506523132324,0.6831072749691739,,,,5e-05
59,477300,2.565603017807007,0.6895161290322581,,,,5e-05
59,477400,2.5308656692504883,0.6885906040268457,,,,5e-05
59,477500,2.530791759490967,0.6995515695067265,,,,5e-05
59,477600,2.471498966217041,0.7160194174757282,,,,5e-05
59,477605,,,2.880802195341401,0.6558988468331307,,
60,477700,2.4115376472473145,0.7193675889328063,,,,5e-05
60,477800,2.5310137271881104,0.68875,,,,5e-05
60,477900,2.464712619781494,0.6852300242130751,,,,5e-05
60,478000,2.335904121398926,0.75,,,,5e-05
60,478100,2.3821024894714355,0.7260458839406208,,,,5e-05
60,478200,2.4471800327301025,0.7104651162790697,,,,5e-05
60,478300,2.560245990753174,0.6885245901639344,,,,5e-05
60,478400,2.3975231647491455,0.7169576059850374,,,,5e-05
60,478500,2.400015354156494,0.7251798561151079,,,,5e-05
60,478600,2.554215431213379,0.6959896507115135,,,,5e-05
60,478700,2.386897087097168,0.7123442808607021,,,,5e-05
60,478800,2.4740524291992188,0.6963123644251626,,,,5e-05
60,478900,2.537017345428467,0.6906158357771262,,,,5e-05
60,479000,2.4624314308166504,0.7158671586715867,,,,5e-05
60,479100,2.512497901916504,0.7063711911357341,,,,5e-05
60,479200,2.3696699142456055,0.7443408788282291,,,,5e-05
60,479300,2.3921196460723877,0.7326869806094183,,,,5e-05
60,479400,2.4867210388183594,0.7022397891963109,,,,5e-05
60,479500,2.426591396331787,0.712998712998713,,,,5e-05
60,479600,2.6102957725524902,0.6818181818181818,,,,5e-05
60,479700,2.6566684246063232,0.6605890603085554,,,,5e-05
60,479800,2.462662696838379,0.7221609702315325,,,,5e-05
60,479900,2.5238428115844727,0.6803594351732991,,,,5e-05
60,480000,2.4930992126464844,0.6954314720812182,,,,5e-05
60,480100,2.393352508544922,0.7154150197628458,,,,5e-05
60,480200,2.597606658935547,0.6826137689614936,,,,5e-05
60,480300,2.5385119915008545,0.6991576413959085,,,,5e-05
60,480400,2.515538454055786,0.6764275256222547,,,,5e-05
60,480500,2.276198148727417,0.7448275862068966,,,,5e-05
60,480600,2.438833475112915,0.6950732356857523,,,,5e-05
60,480700,2.5865087509155273,0.6643454038997214,,,,5e-05
60,480800,2.357884407043457,0.7554140127388536,,,,5e-05
60,480900,2.4313526153564453,0.7177322074788902,,,,5e-05
60,481000,2.3019659519195557,0.7518427518427518,,,,5e-05
60,481100,2.415228843688965,0.7351598173515982,,,,5e-05
60,481200,2.316835641860962,0.7456395348837209,,,,5e-05
60,481300,2.3484201431274414,0.7421289355322339,,,,5e-05
60,481400,2.4527106285095215,0.7152875175315568,,,,5e-05
60,481500,2.567354679107666,0.6953316953316954,,,,5e-05
60,481600,2.5127973556518555,0.7007575757575758,,,,5e-05
60,481700,2.610476016998291,0.670995670995671,,,,5e-05
60,481800,2.505596160888672,0.6827033218785796,,,,5e-05
60,481900,2.416548728942871,0.7237354085603113,,,,5e-05
60,482000,2.5340371131896973,0.6852731591448931,,,,5e-05
60,482100,2.4886178970336914,0.6890982503364738,,,,5e-05
60,482200,2.5090296268463135,0.7142857142857143,,,,5e-05
60,482300,2.578021764755249,0.6759628154050464,,,,5e-05
60,482400,2.4471397399902344,0.728486646884273,,,,5e-05
60,482500,2.502991199493408,0.6954732510288066,,,,5e-05
60,482600,2.516144275665283,0.7059538274605103,,,,5e-05
60,482700,2.4564690589904785,0.715076071922545,,,,5e-05
60,482800,2.521444320678711,0.6826801517067004,,,,5e-05
60,482900,2.4640326499938965,0.675187969924812,,,,5e-05
60,483000,2.4736456871032715,0.7114882506527415,,,,5e-05
60,483100,2.3261396884918213,0.7385892116182573,,,,5e-05
60,483200,2.680304527282715,0.6440460947503202,,,,5e-05
60,483300,2.540919780731201,0.7057324840764331,,,,5e-05
60,483400,2.418593645095825,0.7291399229781772,,,,5e-05
60,483500,2.5370941162109375,0.6960893854748603,,,,5e-05
60,483600,2.5261566638946533,0.7,,,,5e-05
60,483700,2.5268101692199707,0.703016241299304,,,,5e-05
60,483800,2.4275734424591064,0.7246722288438617,,,,5e-05
60,483900,2.4896962642669678,0.7060561299852289,,,,5e-05
60,484000,2.5249900817871094,0.6759388038942976,,,,5e-05
60,484100,2.5893843173980713,0.6976160602258469,,,,5e-05
60,484200,2.4564476013183594,0.7158034528552457,,,,5e-05
60,484300,2.569875478744507,0.6784968684759917,,,,5e-05
60,484400,2.4875855445861816,0.7028360049321825,,,,5e-05
60,484500,2.5300374031066895,0.7071078431372549,,,,5e-05
60,484600,2.509402275085449,0.7090069284064665,,,,5e-05
60,484700,2.5442447662353516,0.676962676962677,,,,5e-05
60,484800,2.584015130996704,0.6821282401091405,,,,5e-05
60,484900,2.64857816696167,0.6702253855278766,,,,5e-05
60,485000,2.598036050796509,0.6912225705329154,,,,5e-05
60,485100,2.5011000633239746,0.6957575757575758,,,,5e-05
60,485200,2.5071301460266113,0.6990407673860911,,,,5e-05
60,485300,2.6049375534057617,0.662291169451074,,,,5e-05
60,485400,2.5273640155792236,0.6822840409956076,,,,5e-05
60,485500,2.5603508949279785,0.6806083650190115,,,,5e-05
60,485600,2.6017749309539795,0.6645244215938303,,,,5e-05
60,485700,2.436678886413574,0.6948051948051948,,,,5e-05
60,485700,,,2.8785255325131978,0.6555323934117294,32.894196627565734,
61,485800,2.528881788253784,0.6863753213367609,,,,5e-05
61,485900,2.477205753326416,0.710124826629681,,,,5e-05
61,486000,2.377206325531006,0.7219796215429404,,,,5e-05
61,486100,2.4558329582214355,0.6970074812967582,,,,5e-05
61,486200,2.355069637298584,0.74625,,,,5e-05
61,486300,2.42378830909729,0.7203994293865906,,,,5e-05
61,486400,2.4361424446105957,0.7047970479704797,,,,5e-05
61,486500,2.555037498474121,0.6795580110497238,,,,5e-05
61,486600,2.3826417922973633,0.7197278911564626,,,,5e-05
61,486700,2.523378372192383,0.7067183462532299,,,,5e-05
61,486800,2.4615509510040283,0.7218045112781954,,,,5e-05
61,486900,2.5399439334869385,0.6931659693165969,,,,5e-05
61,487000,2.4975175857543945,0.7115942028985507,,,,5e-05
61,487100,2.5907678604125977,0.6800976800976801,,,,5e-05
61,487200,2.4493236541748047,0.7072784810126582,,,,5e-05
61,487300,2.4148075580596924,0.7232375979112271,,,,5e-05
61,487400,2.3892571926116943,0.7263294422827496,,,,5e-05
61,487500,2.4545230865478516,0.6972833117723156,,,,5e-05
61,487600,2.499035120010376,0.6881258941344778,,,,5e-05
61,487700,2.5933985710144043,0.6643741403026134,,,,5e-05
61,487800,2.36972713470459,0.7354758961681088,,,,5e-05
61,487900,2.475290298461914,0.7020648967551623,,,,5e-05
61,488000,2.449577808380127,0.7061790668348046,,,,5e-05
61,488100,2.5025343894958496,0.7075351213282248,,,,5e-05
61,488200,2.5017404556274414,0.7134292565947242,,,,5e-05
61,488300,2.3054733276367188,0.7370325693606755,,,,5e-05
61,488400,2.5586559772491455,0.6913425345043914,,,,5e-05
61,488500,2.485863208770752,0.7019867549668874,,,,5e-05
61,488600,2.471235752105713,0.6975546975546976,,,,5e-05
61,488700,2.49214506149292,0.6978193146417445,,,,5e-05
61,488800,2.6167478561401367,0.6727941176470589,,,,5e-05
61,488900,2.4143576622009277,0.7097170971709718,,,,5e-05
61,489000,2.4925947189331055,0.706266318537859,,,,5e-05
61,489100,2.427328586578369,0.7393675027262814,,,,5e-05
61,489200,2.582148313522339,0.6941747572815534,,,,5e-05
61,489300,2.487222671508789,0.7041343669250646,,,,5e-05
61,489400,2.3899030685424805,0.7402945113788487,,,,5e-05
61,489500,2.430328130722046,0.7345454545454545,,,,5e-05
61,489600,2.4702975749969482,0.7183308494783904,,,,5e-05
61,489700,2.3823330402374268,0.7140921409214093,,,,5e-05
61,489800,2.562558650970459,0.7044917257683215,,,,5e-05
61,489900,2.462769031524658,0.7018229166666666,,,,5e-05
61,490000,2.537118434906006,0.7063711911357341,,,,5e-05
61,490100,2.3957712650299072,0.73512252042007,,,,5e-05
61,490200,2.5407440662384033,0.6913265306122449,,,,5e-05
61,490300,2.5539588928222656,0.681203007518797,,,,5e-05
61,490400,2.4230566024780273,0.7173333333333334,,,,5e-05
61,490500,2.5734198093414307,0.7112010796221323,,,,5e-05
61,490600,2.6843855381011963,0.6524741081703107,,,,5e-05
61,490700,2.47542667388916,0.6926889714993805,,,,5e-05
61,490800,2.5799176692962646,0.6696428571428571,,,,5e-05
61,490900,2.3868556022644043,0.7385474860335196,,,,5e-05
61,491000,2.4571332931518555,0.7131681877444589,,,,5e-05
61,491100,2.481255054473877,0.7133592736705577,,,,5e-05
61,491200,2.4014883041381836,0.7236255572065379,,,,5e-05
61,491300,2.4057278633117676,0.73006993006993,,,,5e-05
61,491400,2.4413113594055176,0.7142857142857143,,,,5e-05
61,491500,2.449336051940918,0.7147058823529412,,,,5e-05
61,491600,2.5137312412261963,0.7064102564102565,,,,5e-05
61,491700,2.41636061668396,0.7266187050359713,,,,5e-05
61,491800,2.451521873474121,0.7043941411451398,,,,5e-05
61,491900,2.5479788780212402,0.6977886977886978,,,,5e-05
61,492000,2.530529022216797,0.6967005076142132,,,,5e-05
61,492100,2.5628366470336914,0.6854942233632862,,,,5e-05
61,492200,2.4751648902893066,0.7108108108108108,,,,5e-05
61,492300,2.5480892658233643,0.6902106567534076,,,,5e-05
61,492400,2.656681776046753,0.6686131386861314,,,,5e-05
61,492500,2.672398090362549,0.6636942675159235,,,,5e-05
61,492600,2.5724480152130127,0.7032418952618454,,,,5e-05
61,492700,2.5679545402526855,0.6770538243626062,,,,5e-05
61,492800,2.556550979614258,0.6710684273709484,,,,5e-05
61,492900,2.437086820602417,0.7249647390691114,,,,5e-05
61,493000,2.2930681705474854,0.7627551020408163,,,,5e-05
61,493100,2.6241254806518555,0.6800535475234271,,,,5e-05
61,493200,2.565174102783203,0.693196405648267,,,,5e-05
61,493300,2.4040260314941406,0.7285276073619632,,,,5e-05
61,493400,2.5207130908966064,0.7021857923497268,,,,5e-05
61,493500,2.5812368392944336,0.6731470230862697,,,,5e-05
61,493600,2.612086057662964,0.6727748691099477,,,,5e-05
61,493700,2.64788818359375,0.6526867627785059,,,,5e-05
61,493795,,,2.8802194036066324,0.6551501854257513,,
62,493800,2.6108028888702393,0.6874265569917744,,,,5e-05
62,493900,2.367046356201172,0.7268656716417911,,,,5e-05
62,494000,2.700587272644043,0.6648648648648648,,,,5e-05
62,494100,2.464712142944336,0.7004830917874396,,,,5e-05
62,494200,2.402193307876587,0.7071339173967459,,,,5e-05
62,494300,2.5235791206359863,0.6931079323797139,,,,5e-05
62,494400,2.4728903770446777,0.6890156918687589,,,,5e-05
62,494500,2.5835745334625244,0.6854219948849105,,,,5e-05
62,494600,2.4430136680603027,0.730718954248366,,,,5e-05
62,494700,2.5388994216918945,0.6866764275256223,,,,5e-05
62,494800,2.522784948348999,0.6987179487179487,,,,5e-05
62,494900,2.324566125869751,0.743558282208589,,,,5e-05
62,495000,2.393193244934082,0.7129750982961992,,,,5e-05
62,495100,2.396333694458008,0.7303225806451613,,,,5e-05
62,495200,2.372260332107544,0.7306122448979592,,,,5e-05
62,495300,2.426994800567627,0.7338308457711443,,,,5e-05
62,495400,2.424138069152832,0.7122507122507122,,,,5e-05
62,495500,2.503993511199951,0.6826801517067004,,,,5e-05
62,495600,2.5721077919006348,0.6904761904761905,,,,5e-05
62,495700,2.4319446086883545,0.7101631116687579,,,,5e-05
62,495800,2.3635270595550537,0.7408376963350786,,,,5e-05
62,495900,2.4781408309936523,0.708994708994709,,,,5e-05
62,496000,2.5931484699249268,0.6751677852348993,,,,5e-05
62,496100,2.3652727603912354,0.7298578199052133,,,,5e-05
62,496200,2.509814739227295,0.7123473541383989,,,,5e-05
62,496300,2.6806282997131348,0.6562107904642409,,,,5e-05
62,496400,2.47157621383667,0.7193500738552437,,,,5e-05
62,496500,2.489431381225586,0.7061021170610212,,,,5e-05
62,496600,2.5904383659362793,0.7011019283746557,,,,5e-05
62,496700,2.5046701431274414,0.695852534562212,,,,5e-05
62,496800,2.5078563690185547,0.6945500633713562,,,,5e-05
62,496900,2.4459686279296875,0.7198538367844093,,,,5e-05
62,497000,2.451510190963745,0.6962025316455697,,,,5e-05
62,497100,2.5350282192230225,0.6820388349514563,,,,5e-05
62,497200,2.4899277687072754,0.7014705882352941,,,,5e-05
62,497300,2.4547500610351562,0.7094430992736077,,,,5e-05
62,497400,2.5316357612609863,0.6956521739130435,,,,5e-05
62,497500,2.5451807975769043,0.6908850726552179,,,,5e-05
62,497600,2.5753116607666016,0.6791946308724832,,,,5e-05
62,497700,2.4647810459136963,0.7123287671232876,,,,5e-05
62,497800,2.3188858032226562,0.7672634271099744,,,,5e-05
62,497900,2.56591796875,0.7030223390275953,,,,5e-05
62,498000,2.540260076522827,0.6977299880525687,,,,5e-05
62,498100,2.4610979557037354,0.7036114570361146,,,,5e-05
62,498200,2.62868595123291,0.6869266055045872,,,,5e-05
62,498300,2.355109214782715,0.7315035799522673,,,,5e-05
62,498400,2.5485949516296387,0.6855263157894737,,,,5e-05
62,498500,2.437885284423828,0.7238493723849372,,,,5e-05
62,498600,2.4468941688537598,0.7118437118437119,,,,5e-05
62,498700,2.450303792953491,0.7206572769953051,,,,5e-05
62,498800,2.565122365951538,0.6802030456852792,,,,5e-05
62,498900,2.4483461380004883,0.7140762463343109,,,,5e-05
62,499000,2.587862968444824,0.6731301939058172,,,,5e-05
62,499100,2.598222255706787,0.6861499364675985,,,,5e-05
62,499200,2.5380704402923584,0.6925098554533509,,,,5e-05
62,499300,2.507472515106201,0.7049941927990708,,,,5e-05
62,499400,2.5132951736450195,0.7074235807860262,,,,5e-05
62,499500,2.5793464183807373,0.6921182266009852,,,,5e-05
62,499600,2.496804714202881,0.6852713178294574,,,,5e-05
62,499700,2.422922134399414,0.7240506329113924,,,,5e-05
62,499800,2.4416251182556152,0.7049861495844876,,,,5e-05
62,499900,2.5558958053588867,0.7006451612903226,,,,5e-05
62,500000,2.3573596477508545,0.7316076294277929,,,,5e-05
62,500100,2.7560768127441406,0.6716417910447762,,,,5e-05
62,500200,2.5483078956604004,0.6825613079019074,,,,5e-05
62,500300,2.475696563720703,0.6886145404663924,,,,5e-05
62,500400,2.526698112487793,0.6957001102535832,,,,5e-05
62,500500,2.4362616539001465,0.6970108695652174,,,,5e-05
62,500600,2.563472270965576,0.6876832844574781,,,,5e-05
62,500700,2.597270965576172,0.6830601092896175,,,,5e-05
62,500800,2.5865678787231445,0.6885456885456885,,,,5e-05
62,500900,2.4766740798950195,0.7202970297029703,,,,5e-05
62,501000,2.561492919921875,0.6955307262569832,,,,5e-05
62,501100,2.3859543800354004,0.7442857142857143,,,,5e-05
62,501200,2.3806896209716797,0.7256756756756757,,,,5e-05
62,501300,2.4324324131011963,0.7206477732793523,,,,5e-05
62,501400,2.574889659881592,0.6715425531914894,,,,5e-05
62,501500,2.4817843437194824,0.7204030226700252,,,,5e-05
62,501600,2.509476661682129,0.6944444444444444,,,,5e-05
62,501700,2.656094789505005,0.6636828644501279,,,,5e-05
62,501800,2.364874839782715,0.7478386167146974,,,,5e-05
62,501890,,,2.880893796994606,0.6550578851205243,,
63,501900,2.4980673789978027,0.6907894736842105,,,,2.5e-05
63,502000,2.4486663341522217,0.7137254901960784,,,,2.5e-05
63,502100,2.4368839263916016,0.7006802721088435,,,,2.5e-05
63,502200,2.3648314476013184,0.7496790757381258,,,,2.5e-05
63,502300,2.413148880004883,0.7245033112582782,,,,2.5e-05
63,502400,2.5261549949645996,0.6828087167070218,,,,2.5e-05
63,502500,2.4523422718048096,0.7130801687763713,,,,2.5e-05
63,502600,2.422719717025757,0.7167325428194994,,,,2.5e-05
63,502700,2.441389799118042,0.7328519855595668,,,,2.5e-05
63,502800,2.466470241546631,0.7009873060648801,,,,2.5e-05
63,502900,2.5391671657562256,0.6818181818181818,,,,2.5e-05
63,503000,2.614625930786133,0.6821106821106822,,,,2.5e-05
63,503100,2.4552273750305176,0.7052489905787349,,,,2.5e-05
63,503200,2.4376258850097656,0.7116736990154712,,,,2.5e-05
63,503300,2.4072418212890625,0.7331499312242091,,,,2.5e-05
63,503400,2.539510488510132,0.6791666666666667,,,,2.5e-05
63,503500,2.467780828475952,0.7008928571428571,,,,2.5e-05
63,503600,2.3732643127441406,0.735873850197109,,,,2.5e-05
63,503700,2.3290696144104004,0.7325949367088608,,,,2.5e-05
63,503800,2.5365023612976074,0.6854219948849105,,,,2.5e-05
63,503900,2.565763473510742,0.6892067620286085,,,,2.5e-05
63,504000,2.535963535308838,0.6809453471196455,,,,2.5e-05
63,504100,2.490940809249878,0.7153075822603719,,,,2.5e-05
63,504200,2.2812986373901367,0.751131221719457,,,,2.5e-05
63,504300,2.416599750518799,0.7295454545454545,,,,2.5e-05
63,504400,2.368769884109497,0.7347188264058679,,,,2.5e-05
63,504500,2.3268795013427734,0.744535519125683,,,,2.5e-05
63,504600,2.5075855255126953,0.7400568181818182,,,,2.5e-05
63,504700,2.5880346298217773,0.66189111747851,,,,2.5e-05
63,504800,2.4079790115356445,0.7314685314685314,,,,2.5e-05
63,504900,2.3901848793029785,0.7421555252387448,,,,2.5e-05
63,505000,2.5125274658203125,0.6922222222222222,,,,2.5e-05
63,505100,2.2917771339416504,0.7441860465116279,,,,2.5e-05
63,505200,2.385920524597168,0.7290780141843972,,,,2.5e-05
63,505300,2.4332804679870605,0.7210796915167095,,,,2.5e-05
63,505400,2.686861276626587,0.6400885935769657,,,,2.5e-05
63,505500,2.4530277252197266,0.7170596393897365,,,,2.5e-05
63,505600,2.4138286113739014,0.7435197817189632,,,,2.5e-05
63,505700,2.477593421936035,0.6867816091954023,,,,2.5e-05
63,505800,2.4730868339538574,0.6840659340659341,,,,2.5e-05
63,505900,2.557785987854004,0.6917098445595855,,,,2.5e-05
63,506000,2.3822755813598633,0.728882833787466,,,,2.5e-05
63,506100,2.4283623695373535,0.7192052980132451,,,,2.5e-05
63,506200,2.398977756500244,0.7094594594594594,,,,2.5e-05
63,506300,2.4338841438293457,0.7023643949930459,,,,2.5e-05
63,506400,2.4078869819641113,0.7200504413619168,,,,2.5e-05
63,506500,2.383852958679199,0.7272727272727273,,,,2.5e-05
63,506600,2.4619452953338623,0.6954787234042553,,,,2.5e-05
63,506700,2.469266891479492,0.71760391198044,,,,2.5e-05
63,506800,2.403557777404785,0.7212741751990899,,,,2.5e-05
63,506900,2.539698600769043,0.6891117478510028,,,,2.5e-05
63,507000,2.506056785583496,0.7060849598163031,,,,2.5e-05
63,507100,2.4102559089660645,0.7397622192866579,,,,2.5e-05
63,507200,2.477978229522705,0.7099879663056559,,,,2.5e-05
63,507300,2.4119091033935547,0.7280593325092707,,,,2.5e-05
63,507400,2.3666534423828125,0.7413793103448276,,,,2.5e-05
63,507500,2.3813607692718506,0.7140672782874617,,,,2.5e-05
63,507600,2.4093031883239746,0.7116883116883117,,,,2.5e-05
63,507700,2.4376535415649414,0.7238709677419355,,,,2.5e-05
63,507800,2.476254463195801,0.7061923583662714,,,,2.5e-05
63,507900,2.451151132583618,0.703551912568306,,,,2.5e-05
63,508000,2.57175612449646,0.6786188579017264,,,,2.5e-05
63,508100,2.3559608459472656,0.726797385620915,,,,2.5e-05
63,508200,2.555859327316284,0.6819875776397516,,,,2.5e-05
63,508300,2.277036666870117,0.7364771151178918,,,,2.5e-05
63,508400,2.3984861373901367,0.7240473061760841,,,,2.5e-05
63,508500,2.4804458618164062,0.6947960618846695,,,,2.5e-05
63,508600,2.535607099533081,0.6931677018633541,,,,2.5e-05
63,508700,2.5922670364379883,0.6778711484593838,,,,2.5e-05
63,508800,2.5580766201019287,0.7066974595842956,,,,2.5e-05
63,508900,2.4807562828063965,0.7107776261937244,,,,2.5e-05
63,509000,2.4688591957092285,0.702457956015524,,,,2.5e-05
63,509100,2.463329792022705,0.7091152815013405,,,,2.5e-05
63,509200,2.4313602447509766,0.7433290978398983,,,,2.5e-05
63,509300,2.4635300636291504,0.7060402684563758,,,,2.5e-05
63,509400,2.532252073287964,0.7044270833333334,,,,2.5e-05
63,509500,2.498232364654541,0.6971736204576043,,,,2.5e-05
63,509600,2.40454363822937,0.7359477124183007,,,,2.5e-05
63,509700,2.6044304370880127,0.6623711340206185,,,,2.5e-05
63,509800,2.6293458938598633,0.6911595866819747,,,,2.5e-05
63,509900,2.413642406463623,0.7311522048364154,,,,2.5e-05
63,509985,,,2.8682020525854597,0.657689896444598,,
64,510000,2.4985265731811523,0.7041666666666667,,,,2.5e-05
64,510100,2.3172590732574463,0.746922024623803,,,,2.5e-05
64,510200,2.4031524658203125,0.728287841191067,,,,2.5e-05
64,510300,2.4839766025543213,0.694408322496749,,,,2.5e-05
64,510400,2.4156177043914795,0.7212903225806452,,,,2.5e-05
64,510500,2.4507250785827637,0.7079646017699115,,,,2.5e-05
64,510600,2.4414942264556885,0.7049576783555018,,,,2.5e-05
64,510700,2.2169570922851562,0.7779433681073026,,,,2.5e-05
64,510800,2.399204730987549,0.7194244604316546,,,,2.5e-05
64,510900,2.4277443885803223,0.7237960339943342,,,,2.5e-05
64,511000,2.425076961517334,0.7090909090909091,,,,2.5e-05
64,511100,2.3089609146118164,0.7684659090909091,,,,2.5e-05
64,511200,2.2992663383483887,0.7518987341772152,,,,2.5e-05
64,511300,2.465023994445801,0.7069167643610785,,,,2.5e-05
64,511400,2.460897445678711,0.6906077348066298,,,,2.5e-05
64,511500,2.4912943840026855,0.7153465346534653,,,,2.5e-05
64,511600,2.620635509490967,0.684913217623498,,,,2.5e-05
64,511700,2.5070128440856934,0.6921052631578948,,,,2.5e-05
64,511800,2.371490478515625,0.7417380660954712,,,,2.5e-05
64,511900,2.6121625900268555,0.6780432309442548,,,,2.5e-05
64,512000,2.388059616088867,0.7144970414201184,,,,2.5e-05
64,512100,2.467273712158203,0.6993788819875777,,,,2.5e-05
64,512200,2.3728270530700684,0.7215496368038741,,,,2.5e-05
64,512300,2.448531150817871,0.7055555555555556,,,,2.5e-05
64,512400,2.4678335189819336,0.7038413878562577,,,,2.5e-05
64,512500,2.292112350463867,0.7834912043301759,,,,2.5e-05
64,512600,2.4939920902252197,0.7114178168130489,,,,2.5e-05
64,512700,2.338043212890625,0.7437325905292479,,,,2.5e-05
64,512800,2.4367194175720215,0.7184466019417476,,,,2.5e-05
64,512900,2.3634707927703857,0.7325905292479109,,,,2.5e-05
64,513000,2.444823980331421,0.7246207701283547,,,,2.5e-05
64,513100,2.3304603099823,0.7401360544217687,,,,2.5e-05
64,513200,2.484708547592163,0.7139107611548556,,,,2.5e-05
64,513300,2.4698562622070312,0.7067238912732475,,,,2.5e-05
64,513400,2.3065953254699707,0.7507645259938838,,,,2.5e-05
64,513500,2.382058620452881,0.7175757575757575,,,,2.5e-05
64,513600,2.420788288116455,0.7134416543574594,,,,2.5e-05
64,513700,2.523916244506836,0.6919431279620853,,,,2.5e-05
64,513800,2.2931532859802246,0.7675675675675676,,,,2.5e-05
64,513900,2.4874792098999023,0.7065351418002466,,,,2.5e-05
64,514000,2.3878629207611084,0.7357440890125174,,,,2.5e-05
64,514100,2.517611503601074,0.7075351213282248,,,,2.5e-05
64,514200,2.500225067138672,0.695822454308094,,,,2.5e-05
64,514300,2.522981643676758,0.6892067620286085,,,,2.5e-05
64,514400,2.6010818481445312,0.6751207729468599,,,,2.5e-05
64,514500,2.61094331741333,0.6911764705882353,,,,2.5e-05
64,514600,2.6069774627685547,0.6854636591478697,,,,2.5e-05
64,514700,2.4978160858154297,0.7099447513812155,,,,2.5e-05
64,514800,2.485901355743408,0.7065868263473054,,,,2.5e-05
64,514900,2.428097724914551,0.7183622828784119,,,,2.5e-05
64,515000,2.5159811973571777,0.7064220183486238,,,,2.5e-05
64,515100,2.4210033416748047,0.7093184979137691,,,,2.5e-05
64,515200,2.388761043548584,0.7364341085271318,,,,2.5e-05
64,515300,2.4052939414978027,0.7262044653349001,,,,2.5e-05
64,515400,2.546252965927124,0.6958762886597938,,,,2.5e-05
64,515500,2.5412981510162354,0.69221260815822,,,,2.5e-05
64,515600,2.3537702560424805,0.7375504710632571,,,,2.5e-05
64,515700,2.429358959197998,0.7344632768361582,,,,2.5e-05
64,515800,2.500884532928467,0.7168367346938775,,,,2.5e-05
64,515900,2.4515762329101562,0.7235079171741778,,,,2.5e-05
64,516000,2.4944119453430176,0.7112676056338029,,,,2.5e-05
64,516100,2.4276909828186035,0.7228070175438597,,,,2.5e-05
64,516200,2.4423508644104004,0.7119496855345911,,,,2.5e-05
64,516300,2.48592472076416,0.7079407806191117,,,,2.5e-05
64,516400,2.4701576232910156,0.7058029689608637,,,,2.5e-05
64,516500,2.4975461959838867,0.7021013597033374,,,,2.5e-05
64,516600,2.593867063522339,0.6845637583892618,,,,2.5e-05
64,516700,2.3944339752197266,0.7286713286713287,,,,2.5e-05
64,516800,2.569241523742676,0.7081659973226239,,,,2.5e-05
64,516900,2.5649232864379883,0.6834804539722572,,,,2.5e-05
64,517000,2.4261627197265625,0.718508997429306,,,,2.5e-05
64,517100,2.493539333343506,0.7043941411451398,,,,2.5e-05
64,517200,2.5667364597320557,0.6815980629539952,,,,2.5e-05
64,517300,2.471616506576538,0.7029831387808041,,,,2.5e-05
64,517400,2.3718106746673584,0.7169230769230769,,,,2.5e-05
64,517500,2.45035982131958,0.7105606258148631,,,,2.5e-05
64,517600,2.400644302368164,0.7043847241867044,,,,2.5e-05
64,517700,2.4914937019348145,0.7053455019556715,,,,2.5e-05
64,517800,2.5167880058288574,0.6878698224852071,,,,2.5e-05
64,517900,2.505185604095459,0.7092084006462036,,,,2.5e-05
64,518000,2.4104602336883545,0.7065217391304348,,,,2.5e-05
64,518080,,,2.868263636118319,0.6578030260500685,,
65,518100,2.314126968383789,0.7459618208516887,,,,2.5e-05
65,518200,2.531038761138916,0.7008985879332478,,,,2.5e-05
65,518300,2.395451545715332,0.7288135593220338,,,,2.5e-05
65,518400,2.523226022720337,0.7158322056833559,,,,2.5e-05
65,518500,2.4990768432617188,0.6967213114754098,,,,2.5e-05
65,518600,2.5435948371887207,0.6896551724137931,,,,2.5e-05
65,518700,2.376718759536743,0.703416149068323,,,,2.5e-05
65,518800,2.4224681854248047,0.7184065934065934,,,,2.5e-05
65,518900,2.4919967651367188,0.7050183598531212,,,,2.5e-05
65,519000,2.526841163635254,0.6861878453038674,,,,2.5e-05
65,519100,2.3717880249023438,0.7217391304347827,,,,2.5e-05
65,519200,2.437434673309326,0.7153945666235446,,,,2.5e-05
65,519300,2.5310866832733154,0.6887052341597796,,,,2.5e-05
65,519400,2.3394484519958496,0.7463343108504399,,,,2.5e-05
65,519500,2.4520106315612793,0.7009102730819246,,,,2.5e-05
65,519600,2.669665813446045,0.6550060313630881,,,,2.5e-05
65,519700,2.4122467041015625,0.7315340909090909,,,,2.5e-05
65,519800,2.5685858726501465,0.6901041666666666,,,,2.5e-05
65,519900,2.5637636184692383,0.661134163208852,,,,2.5e-05
65,520000,2.504092216491699,0.7047146401985112,,,,2.5e-05
65,520100,2.3846328258514404,0.717983651226158,,,,2.5e-05
65,520200,2.4898529052734375,0.7117117117117117,,,,2.5e-05
65,520300,2.4693069458007812,0.7081604426002767,,,,2.5e-05
65,520400,2.5952649116516113,0.6617647058823529,,,,2.5e-05
65,520500,2.5313496589660645,0.7007042253521126,,,,2.5e-05
65,520600,2.669084072113037,0.6783707865168539,,,,2.5e-05
65,520700,2.475898265838623,0.705685618729097,,,,2.5e-05
65,520800,2.5385754108428955,0.6882352941176471,,,,2.5e-05
65,520900,2.4027445316314697,0.7265822784810126,,,,2.5e-05
65,521000,2.418132781982422,0.7157232704402515,,,,2.5e-05
65,521100,2.4489264488220215,0.7114882506527415,,,,2.5e-05
65,521200,2.4317092895507812,0.7411764705882353,,,,2.5e-05
65,521300,2.62351655960083,0.6763888888888889,,,,2.5e-05
65,521400,2.392700672149658,0.7124277456647399,,,,2.5e-05
65,521500,2.3115386962890625,0.7383798140770252,,,,2.5e-05
65,521600,2.4617326259613037,0.6867924528301886,,,,2.5e-05
65,521700,2.4459872245788574,0.7045977011494253,,,,2.5e-05
65,521800,2.5369787216186523,0.704516129032258,,,,2.5e-05
65,521900,2.4966044425964355,0.6825,,,,2.5e-05
65,522000,2.410942792892456,0.7251908396946565,,,,2.5e-05
65,522100,2.4024760723114014,0.7251243781094527,,,,2.5e-05
65,522200,2.539193630218506,0.695137976346912,,,,2.5e-05
65,522300,2.5720322132110596,0.6953020134228188,,,,2.5e-05
65,522400,2.3758156299591064,0.7278401997503121,,,,2.5e-05
65,522500,2.443605899810791,0.7195467422096318,,,,2.5e-05
65,522600,2.399482250213623,0.7177650429799427,,,,2.5e-05
65,522700,2.29341721534729,0.7450980392156863,,,,2.5e-05
65,522800,2.485914707183838,0.7193460490463215,,,,2.5e-05
65,522900,2.404296875,0.724087591240876,,,,2.5e-05
65,523000,2.448976993560791,0.7214452214452215,,,,2.5e-05
65,523100,2.4305567741394043,0.6983050847457627,,,,2.5e-05
65,523200,2.4026002883911133,0.7148703956343793,,,,2.5e-05
65,523300,2.4955763816833496,0.7033898305084746,,,,2.5e-05
65,523400,2.4501490592956543,0.7122969837587007,,,,2.5e-05
65,523500,2.496164321899414,0.7175866495507061,,,,2.5e-05
65,523600,2.504199266433716,0.7063389391979301,,,,2.5e-05
65,523700,2.5239944458007812,0.7074468085106383,,,,2.5e-05
65,523800,2.418365001678467,0.7388535031847133,,,,2.5e-05
65,523900,2.451467514038086,0.7337349397590361,,,,2.5e-05
65,524000,2.3690452575683594,0.7479289940828402,,,,2.5e-05
65,524100,2.535855293273926,0.677027027027027,,,,2.5e-05
65,524200,2.51115345954895,0.7129071170084439,,,,2.5e-05
65,524300,2.506258487701416,0.6814921090387375,,,,2.5e-05
65,524400,2.4903712272644043,0.7029702970297029,,,,2.5e-05
65,524500,2.4374170303344727,0.724,,,,2.5e-05
65,524600,2.546860694885254,0.7063711911357341,,,,2.5e-05
65,524700,2.4308691024780273,0.7103746397694525,,,,2.5e-05
65,524800,2.4643242359161377,0.7119155354449472,,,,2.5e-05
65,524900,2.5155515670776367,0.7128712871287128,,,,2.5e-05
65,525000,2.6135611534118652,0.6837708830548926,,,,2.5e-05
65,525100,2.4333667755126953,0.7231404958677686,,,,2.5e-05
65,525200,2.4455277919769287,0.7060185185185185,,,,2.5e-05
